<?xml version="1.0" encoding="utf-8"?>
<helpItems schema="maml" xmlns="http://msh">
  <command:command xmlns:maml="http://schemas.microsoft.com/maml/2004/10" xmlns:command="http://schemas.microsoft.com/maml/dev/command/2004/10" xmlns:dev="http://schemas.microsoft.com/maml/dev/2004/10" xmlns:MSHelp="http://msdn.microsoft.com/mshelp">
    <command:details>
      <command:name>Get-AzureRmTag</command:name>
      <command:verb>Get</command:verb>
      <command:noun>AzureRmTag</command:noun>
      <maml:description>
        <maml:para>Gets predefined Azure tags.</maml:para>
      </maml:description>
    </command:details>
    <maml:description>
      <maml:para>The Get-AzureRmTag cmdlet gets predefined Azure tags in your subscription. This cmdlet returns basic information about the tags or detailed information about tags and their values. All output objects include a Count property that represents the number of resources and resource groups to which the tags and values have been applied. The Azure Tags module that Get-AzureRMTag is a part of can help you manage predefined Azure tags. An Azure tag is a name-value pair that you can use to categorize your Azure resources and resource groups, such as by department or cost center, or to track notes or comments about the resources and groups. You can define and apply tags in a single step, but predefined tags let you establish standard, consistent, predictable names and values for the tags in your subscription. To create a predefined tag, use the New-AzureRmTag cmdlet. To apply a predefined tag to a resource group, use the Tag parameter of the New-AzureRmTag cmdlet. To search resource groups for a specific tag name or name and value, use the Tag parameter of the Get-AzureRMResourceGroup cmdlet.</maml:para>
    </maml:description>
    <command:syntax>
      <command:syntaxItem>
        <maml:name>Get-AzureRmTag</maml:name>
        <command:parameter required="false" variableLength="true" globbing="false" pipelineInput="True (ByPropertyName)" position="0" aliases="none">
          <maml:name>Name</maml:name>
          <maml:Description>
            <maml:para>Specifies the name of the tag to get. By default, Get-AzureRmTag gets basic information about all predefined tags in the subscription. When you specify the Name parameter, the Detailed parameter has no effect.</maml:para>
          </maml:Description>
          <command:parameterValue required="true" variableLength="false">System.String</command:parameterValue>
          <dev:type>
            <maml:name>System.String</maml:name>
            <maml:uri />
          </dev:type>
          <dev:defaultValue>None</dev:defaultValue>
        </command:parameter>
        <command:parameter required="false" variableLength="true" globbing="false" pipelineInput="False" position="named" aliases="AzureRmContext, AzureCredential">
          <maml:name>DefaultProfile</maml:name>
          <maml:Description>
            <maml:para>The credentials, account, tenant, and subscription used for communication with azure.</maml:para>
          </maml:Description>
          <command:parameterValue required="true" variableLength="false">Microsoft.Azure.Commands.Common.Authentication.Abstractions.IAzureContextContainer</command:parameterValue>
          <dev:type>
            <maml:name>Microsoft.Azure.Commands.Common.Authentication.Abstractions.IAzureContextContainer</maml:name>
            <maml:uri />
          </dev:type>
          <dev:defaultValue>None</dev:defaultValue>
        </command:parameter>
        <command:parameter required="false" variableLength="true" globbing="false" pipelineInput="True (ByPropertyName)" position="named" aliases="none">
          <maml:name>Detailed</maml:name>
          <maml:Description>
            <maml:para>Indicates that this operation adds information about tag values to the output.</maml:para>
          </maml:Description>
          <command:parameterValue required="true" variableLength="false">System.Management.Automation.SwitchParameter</command:parameterValue>
          <dev:type>
            <maml:name>System.Management.Automation.SwitchParameter</maml:name>
            <maml:uri />
          </dev:type>
          <dev:defaultValue>None</dev:defaultValue>
        </command:parameter>
      </command:syntaxItem>
    </command:syntax>
    <command:parameters>
      <command:parameter required="false" variableLength="true" globbing="false" pipelineInput="False" position="named" aliases="AzureRmContext, AzureCredential">
        <maml:name>DefaultProfile</maml:name>
        <maml:Description>
          <maml:para>The credentials, account, tenant, and subscription used for communication with azure.</maml:para>
        </maml:Description>
        <command:parameterValue required="true" variableLength="false">Microsoft.Azure.Commands.Common.Authentication.Abstractions.IAzureContextContainer</command:parameterValue>
        <dev:type>
          <maml:name>Microsoft.Azure.Commands.Common.Authentication.Abstractions.IAzureContextContainer</maml:name>
          <maml:uri />
        </dev:type>
        <dev:defaultValue>None</dev:defaultValue>
      </command:parameter>
      <command:parameter required="false" variableLength="true" globbing="false" pipelineInput="True (ByPropertyName)" position="named" aliases="none">
        <maml:name>Detailed</maml:name>
        <maml:Description>
          <maml:para>Indicates that this operation adds information about tag values to the output.</maml:para>
        </maml:Description>
        <command:parameterValue required="true" variableLength="false">System.Management.Automation.SwitchParameter</command:parameterValue>
        <dev:type>
          <maml:name>System.Management.Automation.SwitchParameter</maml:name>
          <maml:uri />
        </dev:type>
        <dev:defaultValue>None</dev:defaultValue>
      </command:parameter>
      <command:parameter required="false" variableLength="true" globbing="false" pipelineInput="True (ByPropertyName)" position="0" aliases="none">
        <maml:name>Name</maml:name>
        <maml:Description>
          <maml:para>Specifies the name of the tag to get. By default, Get-AzureRmTag gets basic information about all predefined tags in the subscription. When you specify the Name parameter, the Detailed parameter has no effect.</maml:para>
        </maml:Description>
        <command:parameterValue required="true" variableLength="false">System.String</command:parameterValue>
        <dev:type>
          <maml:name>System.String</maml:name>
          <maml:uri />
        </dev:type>
        <dev:defaultValue>None</dev:defaultValue>
      </command:parameter>
    </command:parameters>
    <command:inputTypes>
      <command:inputType>
        <dev:type>
          <maml:name>System.String</maml:name>
        </dev:type>
        <maml:description>
          <maml:para></maml:para>
        </maml:description>
      </command:inputType>
      <command:inputType>
        <dev:type>
          <maml:name>System.Management.Automation.SwitchParameter</maml:name>
        </dev:type>
        <maml:description>
          <maml:para></maml:para>
        </maml:description>
      </command:inputType>
    </command:inputTypes>
    <command:returnValues>
      <command:returnValue>
        <dev:type>
          <maml:name>Microsoft.Azure.Commands.ResourceManager.Common.Tags.PSTag</maml:name>
        </dev:type>
        <maml:description>
          <maml:para></maml:para>
        </maml:description>
      </command:returnValue>
    </command:returnValues>
    <maml:alertSet>
      <maml:alert>
        <maml:para></maml:para>
      </maml:alert>
    </maml:alertSet>
    <command:examples>
      <command:example>
        <maml:title>Example 1: Get all predefined tags</maml:title>
        <dev:code>PS C:\&gt;Get-AzureRmTag

Name      Count
========  =====

Department    5
FY2015        2
CostCenter   20</dev:code>
        <dev:remarks>
          <maml:para>This command gets all predefined tags in the subscription. The Count property shows how many times the tag has been applied to resources and resource groups in the subscription.</maml:para>
<maml:para></maml:para>
<maml:para></maml:para>
        </dev:remarks>
      </command:example>
      <command:example>
        <maml:title>Example 2: Get a tag by name</maml:title>
        <dev:code>PS C:\&gt;Get-AzureRmTag -Name "Department"

Name:   Department
Count:  5
Values: 

        Name        Count
        ==========  =====

        Finance       2
        IT            3</dev:code>
        <dev:remarks>
          <maml:para>This command gets detailed information about the Department tag and its values. The Count property shows how many times the tag and each of its values has been applied to resources and resource groups in the subscription.</maml:para>
<maml:para></maml:para>
<maml:para></maml:para>
        </dev:remarks>
      </command:example>
      <command:example>
        <maml:title>Example 3: Get values of all tags</maml:title>
        <dev:code>PS C:\&gt;Get-AzureRmTag -Detailed

Name:   Department
Count:  5
Values: 

        Name        Count
        ==========  =====

        Finance       2
        IT            3


Name:   FY2015
Count:  2


Name:   CostCenter
Count:  20
Values: 

        Name        Count
        ==========  =====

        0001          5
        0002         10
        0003          5</dev:code>
        <dev:remarks>
          <maml:para>This command uses the Detailed parameter to get detailed information about all predefined tags in the subscription. Using the Detailed parameter is the equivalent of using the Name parameter for every tag.</maml:para>
<maml:para></maml:para>
<maml:para></maml:para>
        </dev:remarks>
      </command:example>
    </command:examples>
    <command:relatedLinks>
      <maml:navigationLink>
        <maml:linkText>Online Version:</maml:linkText>
        <maml:uri>https://docs.microsoft.com/en-us/powershell/module/azurerm.tags/get-azurermtag</maml:uri>
      </maml:navigationLink>
      <maml:navigationLink>
        <maml:linkText>New-AzureRmTag</maml:linkText>
        <maml:uri></maml:uri>
      </maml:navigationLink>
      <maml:navigationLink>
        <maml:linkText>Remove-AzureRmTag</maml:linkText>
        <maml:uri></maml:uri>
      </maml:navigationLink>
    </command:relatedLinks>
  </command:command>
  <command:command xmlns:maml="http://schemas.microsoft.com/maml/2004/10" xmlns:command="http://schemas.microsoft.com/maml/dev/command/2004/10" xmlns:dev="http://schemas.microsoft.com/maml/dev/2004/10" xmlns:MSHelp="http://msdn.microsoft.com/mshelp">
    <command:details>
      <command:name>New-AzureRmTag</command:name>
      <command:verb>New</command:verb>
      <command:noun>AzureRmTag</command:noun>
      <maml:description>
        <maml:para>Creates a predefined Azure tag or adds values to an existing tag.</maml:para>
      </maml:description>
    </command:details>
    <maml:description>
      <maml:para>The New-AzureRmTag cmdlet creates a predefined Azure tag with an optional predefined value. You can also use it to add additional values to existing predefined tags. To create a predefined tag, enter a unique tag name. To add a value to an existing predefined tag, specify the name of the existing tag and the new value. This cmdlet returns an object that represents the new or modified tag with its values and the number of resources to which it has been applied. The Azure Tags module that New-AzureRmTag is part of can help you manage predefined Azure tags. An Azure tag is a name-value pair that you can use to categorize your Azure resources and resource groups, such as by department or cost center, or to track notes or comments about the resources and groups. You can define and apply tags in a single step, but predefined tags let you establish standard, consistent, predictable names and values for the tags in your subscription. To apply a predefined tag to a resource or resource group, use the Tag parameter of the New-AzureRmTag cmdlet. To search for resource groups with a specified tag name or name and value, use the Tag parameter of the Get-AzureRMResourceGroup cmdlet. Every tag has a name. The values are optional. A predefined Azure tag can have multiple values, but when you apply the tag to a resource or resource group, you apply the tag name and only one of its values. For example, you can create a predefined Department tag with a value for each department, such as Finance, Human Resources, and IT. When you apply the Department tag to a resource, you apply only one predefined value, such as Finance.</maml:para>
    </maml:description>
    <command:syntax>
      <command:syntaxItem>
        <maml:name>New-AzureRmTag</maml:name>
        <command:parameter required="true" variableLength="true" globbing="false" pipelineInput="True (ByPropertyName)" position="0" aliases="none">
          <maml:name>Name</maml:name>
          <maml:Description>
            <maml:para>Specifies the tag name. To create a new predefined tag, enter a unique name. To add a value to an existing tag, enter the name of the existing tag. If an existing predefined tag has the specified name, New-AzureRmTag adds the specified value, if any, to the tag with that name instead of creating a new tag.</maml:para>
          </maml:Description>
          <command:parameterValue required="true" variableLength="false">System.String</command:parameterValue>
          <dev:type>
            <maml:name>System.String</maml:name>
            <maml:uri />
          </dev:type>
          <dev:defaultValue>None</dev:defaultValue>
        </command:parameter>
        <command:parameter required="false" variableLength="true" globbing="false" pipelineInput="True (ByPropertyName)" position="1" aliases="none">
          <maml:name>Value</maml:name>
          <maml:Description>
            <maml:para>Specifies a tag value. Predefined tags can have multiple values, but you can enter only one value in each command. This parameter is optional, because tags can have names without values.</maml:para>
          </maml:Description>
          <command:parameterValue required="true" variableLength="false">System.String</command:parameterValue>
          <dev:type>
            <maml:name>System.String</maml:name>
            <maml:uri />
          </dev:type>
          <dev:defaultValue>None</dev:defaultValue>
        </command:parameter>
        <command:parameter required="false" variableLength="true" globbing="false" pipelineInput="False" position="named" aliases="AzureRmContext, AzureCredential">
          <maml:name>DefaultProfile</maml:name>
          <maml:Description>
            <maml:para>The credentials, account, tenant, and subscription used for communication with azure.</maml:para>
          </maml:Description>
          <command:parameterValue required="true" variableLength="false">Microsoft.Azure.Commands.Common.Authentication.Abstractions.IAzureContextContainer</command:parameterValue>
          <dev:type>
            <maml:name>Microsoft.Azure.Commands.Common.Authentication.Abstractions.IAzureContextContainer</maml:name>
            <maml:uri />
          </dev:type>
          <dev:defaultValue>None</dev:defaultValue>
        </command:parameter>
      </command:syntaxItem>
    </command:syntax>
    <command:parameters>
      <command:parameter required="false" variableLength="true" globbing="false" pipelineInput="False" position="named" aliases="AzureRmContext, AzureCredential">
        <maml:name>DefaultProfile</maml:name>
        <maml:Description>
          <maml:para>The credentials, account, tenant, and subscription used for communication with azure.</maml:para>
        </maml:Description>
        <command:parameterValue required="true" variableLength="false">Microsoft.Azure.Commands.Common.Authentication.Abstractions.IAzureContextContainer</command:parameterValue>
        <dev:type>
          <maml:name>Microsoft.Azure.Commands.Common.Authentication.Abstractions.IAzureContextContainer</maml:name>
          <maml:uri />
        </dev:type>
        <dev:defaultValue>None</dev:defaultValue>
      </command:parameter>
      <command:parameter required="true" variableLength="true" globbing="false" pipelineInput="True (ByPropertyName)" position="0" aliases="none">
        <maml:name>Name</maml:name>
        <maml:Description>
          <maml:para>Specifies the tag name. To create a new predefined tag, enter a unique name. To add a value to an existing tag, enter the name of the existing tag. If an existing predefined tag has the specified name, New-AzureRmTag adds the specified value, if any, to the tag with that name instead of creating a new tag.</maml:para>
        </maml:Description>
        <command:parameterValue required="true" variableLength="false">System.String</command:parameterValue>
        <dev:type>
          <maml:name>System.String</maml:name>
          <maml:uri />
        </dev:type>
        <dev:defaultValue>None</dev:defaultValue>
      </command:parameter>
      <command:parameter required="false" variableLength="true" globbing="false" pipelineInput="True (ByPropertyName)" position="1" aliases="none">
        <maml:name>Value</maml:name>
        <maml:Description>
          <maml:para>Specifies a tag value. Predefined tags can have multiple values, but you can enter only one value in each command. This parameter is optional, because tags can have names without values.</maml:para>
        </maml:Description>
        <command:parameterValue required="true" variableLength="false">System.String</command:parameterValue>
        <dev:type>
          <maml:name>System.String</maml:name>
          <maml:uri />
        </dev:type>
        <dev:defaultValue>None</dev:defaultValue>
      </command:parameter>
    </command:parameters>
    <command:inputTypes>
      <command:inputType>
        <dev:type>
          <maml:name>System.String</maml:name>
        </dev:type>
        <maml:description>
          <maml:para></maml:para>
        </maml:description>
      </command:inputType>
    </command:inputTypes>
    <command:returnValues>
      <command:returnValue>
        <dev:type>
          <maml:name>Microsoft.Azure.Commands.ResourceManager.Common.Tags.PSTag</maml:name>
        </dev:type>
        <maml:description>
          <maml:para></maml:para>
        </maml:description>
      </command:returnValue>
    </command:returnValues>
    <maml:alertSet>
      <maml:alert>
        <maml:para></maml:para>
      </maml:alert>
    </maml:alertSet>
    <command:examples>
      <command:example>
        <maml:title>Example 1: Create a predefined tag</maml:title>
        <dev:code>PS C:\&gt;New-AzureRmTag -Name "FY2015"
Name:   FY2015
Count:  0
Values: 

        Name        Count
        =========   =====

        Finance     0</dev:code>
        <dev:remarks>
          <maml:para>This command creates a predefined tag named FY2015. This tag has no values. You can apply a tag with no values to a resource or resource group, or use New-AzureRmTag to add values to the tag. You can also specify a value when you apply the tag to the resource or resource group.</maml:para>
<maml:para></maml:para>
<maml:para></maml:para>
        </dev:remarks>
      </command:example>
      <command:example>
        <maml:title>Example 2: Create a predefined tag with a value</maml:title>
        <dev:code>PS C:\&gt;New-AzureRmTag -Name "Department" -Value "Finance"
Name:   Department
Count:  0
Values: 

        Name        Count
        =========   =====
        Finance     0</dev:code>
        <dev:remarks>
          <maml:para>This command creates a predefined tag named Department with a value of Finance.</maml:para>
<maml:para></maml:para>
<maml:para></maml:para>
        </dev:remarks>
      </command:example>
      <command:example>
        <maml:title>Example 3: Add a value to a predefined tag</maml:title>
        <dev:code>PS C:\&gt;New-AzureRmTag -Name "Department" -Value "Finance"
Name:   Department
Count:  0
Values: 
        Name        Count
        =========   =====
        Finance     0 
PS C:\&gt;New-AzureRmTag -Name "Department" -Value "IT"
Name:   Department
Count:  0
Values: 
        Name        Count
        =========   =====
        Finance     0
        IT          0</dev:code>
        <dev:remarks>
          <maml:para>These commands create a predefined tag named Department with two values. If the tag name exists, New-AzureRmTag adds the value to the existing tag instead of creating a new one.</maml:para>
<maml:para></maml:para>
<maml:para></maml:para>
        </dev:remarks>
      </command:example>
      <command:example>
        <maml:title>Example 4: Use a predefined tag</maml:title>
        <dev:code>PS C:\&gt;New-AzureRmTag -Name "CostCenter" -Value "0001"
Name:   CostCenter
Count:  0
Values: 
        Name        Count
        =========   =====
        0001        0 
PS C:\&gt;Set-AzureRmResourceGroup -Name "EngineerBlog" -Tag @{Name="CostCenter";Value="0001"}
Name:      EngineerBlog
Location:  East US
Resources: 
            
  Name             Type                     Location
    ===============  =======================  ========
    EngineerBlog     Microsoft.Web/sites      West US
    EngSvr01         Microsoft.Sql/servers    West US
    EngDB02          Microsoft.Sql/databases  West US
Tags: 
    Name         Value
    ==========   =====
    CostCenter   0001 
PS C:\&gt;Get-AzureRmTag -Name "CostCenter"
Name:   CostCenter
Count:  1
Values: 
        Name        Count
        =========   =====
        0001        1 
PS C:\&gt;Get-AzureRmResourceGroup -Tag @{Name="CostCenter"}
Name:      EngineerBlog
Location:  East US
Resources: 
     Name             Type                     Location
    ===============  =======================  ========
    EngineerBlog     Microsoft.Web/sites      West US

    EngSvr01         Microsoft.Sql/servers    West US
    EngDB02          Microsoft.Sql/databases  West US
Tags: 
    Name         Value
    ==========   =====
    CostCenter   0001</dev:code>
        <dev:remarks>
          <maml:para>The commands in this example create and use a predefined tag.</maml:para>
<maml:para></maml:para>
<maml:para></maml:para>
        </dev:remarks>
      </command:example>
    </command:examples>
    <command:relatedLinks>
      <maml:navigationLink>
        <maml:linkText>Online Version:</maml:linkText>
        <maml:uri>https://docs.microsoft.com/en-us/powershell/module/azurerm.tags/new-azurermtag</maml:uri>
      </maml:navigationLink>
      <maml:navigationLink>
        <maml:linkText>Get-AzureRmTag</maml:linkText>
        <maml:uri></maml:uri>
      </maml:navigationLink>
      <maml:navigationLink>
        <maml:linkText>Remove-AzureRmTag</maml:linkText>
        <maml:uri></maml:uri>
      </maml:navigationLink>
    </command:relatedLinks>
  </command:command>
  <command:command xmlns:maml="http://schemas.microsoft.com/maml/2004/10" xmlns:command="http://schemas.microsoft.com/maml/dev/command/2004/10" xmlns:dev="http://schemas.microsoft.com/maml/dev/2004/10" xmlns:MSHelp="http://msdn.microsoft.com/mshelp">
    <command:details>
      <command:name>Remove-AzureRmTag</command:name>
      <command:verb>Remove</command:verb>
      <command:noun>AzureRmTag</command:noun>
      <maml:description>
        <maml:para>Deletes predefined Azure tags or values.</maml:para>
      </maml:description>
    </command:details>
    <maml:description>
      <maml:para>The Remove-AzureRmTag cmdlet deletes predefined Azure tags and values from your subscription. To delete particular values from a predefined tag, use the Value parameter. By default, Remove-AzureRmTag deletes the specified tag and all of its values.You cannot delete a tag or value that is currently applied to a resource or resource group. Before using Remove-AzureRmTag , use the Tag parameter of the Set-AzureRMResourceGroup cmdlet to delete the tag or values from the resource or resource group. The Azure Tags module that Remove-AzureRmTag is part of can help you manage your predefined Azure tags. An Azure tag is a name-value pair that you can use to categorize your Azure resources and resource groups, such as by department or cost center, or to track notes or comments about the resources and groups. You can define and apply tags in a single step, but predefined tags let you establish standard, consistent, predictable names and values for the tags in your subscription.</maml:para>
    </maml:description>
    <command:syntax>
      <command:syntaxItem>
        <maml:name>Remove-AzureRmTag</maml:name>
        <command:parameter required="true" variableLength="true" globbing="false" pipelineInput="True (ByPropertyName)" position="0" aliases="none">
          <maml:name>Name</maml:name>
          <maml:Description>
            <maml:para>Specifies the name of the tag to be deleted. By default, Remove-AzureRmTag removes the specified tag and all of its values. To delete selected values, but not delete the tag, use the Value parameter.</maml:para>
          </maml:Description>
          <command:parameterValue required="true" variableLength="false">System.String</command:parameterValue>
          <dev:type>
            <maml:name>System.String</maml:name>
            <maml:uri />
          </dev:type>
          <dev:defaultValue>None</dev:defaultValue>
        </command:parameter>
        <command:parameter required="false" variableLength="true" globbing="false" pipelineInput="True (ByPropertyName)" position="1" aliases="none">
          <maml:name>Value</maml:name>
          <maml:Description>
            <maml:para>Deletes the specified values from the predefined tag, but does not delete the tag.</maml:para>
          </maml:Description>
          <command:parameterValue required="true" variableLength="false">System.String[]</command:parameterValue>
          <dev:type>
            <maml:name>System.String[]</maml:name>
            <maml:uri />
          </dev:type>
          <dev:defaultValue>None</dev:defaultValue>
        </command:parameter>
        <command:parameter required="false" variableLength="true" globbing="false" pipelineInput="False" position="named" aliases="AzureRmContext, AzureCredential">
          <maml:name>DefaultProfile</maml:name>
          <maml:Description>
            <maml:para>The credentials, account, tenant, and subscription used for communication with azure.</maml:para>
          </maml:Description>
          <command:parameterValue required="true" variableLength="false">Microsoft.Azure.Commands.Common.Authentication.Abstractions.IAzureContextContainer</command:parameterValue>
          <dev:type>
            <maml:name>Microsoft.Azure.Commands.Common.Authentication.Abstractions.IAzureContextContainer</maml:name>
            <maml:uri />
          </dev:type>
          <dev:defaultValue>None</dev:defaultValue>
        </command:parameter>
        <command:parameter required="false" variableLength="true" globbing="false" pipelineInput="True (ByPropertyName)" position="named" aliases="none">
          <maml:name>PassThru</maml:name>
          <maml:Description>
            <maml:para>Returns an object that represents the deleted tag or the resulting tag with deleted valued.</maml:para>
          </maml:Description>
          <command:parameterValue required="true" variableLength="false">System.Management.Automation.SwitchParameter</command:parameterValue>
          <dev:type>
            <maml:name>System.Management.Automation.SwitchParameter</maml:name>
            <maml:uri />
          </dev:type>
          <dev:defaultValue>None</dev:defaultValue>
        </command:parameter>
        <command:parameter required="false" variableLength="true" globbing="false" pipelineInput="False" position="named" aliases="cf">
          <maml:name>Confirm</maml:name>
          <maml:Description>
            <maml:para>Prompts you for confirmation before running the cmdlet.</maml:para>
          </maml:Description>
          <command:parameterValue required="true" variableLength="false">System.Management.Automation.SwitchParameter</command:parameterValue>
          <dev:type>
            <maml:name>System.Management.Automation.SwitchParameter</maml:name>
            <maml:uri />
          </dev:type>
          <dev:defaultValue>False</dev:defaultValue>
        </command:parameter>
        <command:parameter required="false" variableLength="true" globbing="false" pipelineInput="False" position="named" aliases="wi">
          <maml:name>WhatIf</maml:name>
          <maml:Description>
            <maml:para>Shows what would happen if the cmdlet runs. The cmdlet is not run.</maml:para>
          </maml:Description>
          <command:parameterValue required="true" variableLength="false">System.Management.Automation.SwitchParameter</command:parameterValue>
          <dev:type>
            <maml:name>System.Management.Automation.SwitchParameter</maml:name>
            <maml:uri />
          </dev:type>
          <dev:defaultValue>False</dev:defaultValue>
        </command:parameter>
      </command:syntaxItem>
    </command:syntax>
    <command:parameters>
      <command:parameter required="false" variableLength="true" globbing="false" pipelineInput="False" position="named" aliases="AzureRmContext, AzureCredential">
        <maml:name>DefaultProfile</maml:name>
        <maml:Description>
          <maml:para>The credentials, account, tenant, and subscription used for communication with azure.</maml:para>
        </maml:Description>
        <command:parameterValue required="true" variableLength="false">Microsoft.Azure.Commands.Common.Authentication.Abstractions.IAzureContextContainer</command:parameterValue>
        <dev:type>
          <maml:name>Microsoft.Azure.Commands.Common.Authentication.Abstractions.IAzureContextContainer</maml:name>
          <maml:uri />
        </dev:type>
        <dev:defaultValue>None</dev:defaultValue>
      </command:parameter>
      <command:parameter required="true" variableLength="true" globbing="false" pipelineInput="True (ByPropertyName)" position="0" aliases="none">
        <maml:name>Name</maml:name>
        <maml:Description>
          <maml:para>Specifies the name of the tag to be deleted. By default, Remove-AzureRmTag removes the specified tag and all of its values. To delete selected values, but not delete the tag, use the Value parameter.</maml:para>
        </maml:Description>
        <command:parameterValue required="true" variableLength="false">System.String</command:parameterValue>
        <dev:type>
          <maml:name>System.String</maml:name>
          <maml:uri />
        </dev:type>
        <dev:defaultValue>None</dev:defaultValue>
      </command:parameter>
      <command:parameter required="false" variableLength="true" globbing="false" pipelineInput="True (ByPropertyName)" position="named" aliases="none">
        <maml:name>PassThru</maml:name>
        <maml:Description>
          <maml:para>Returns an object that represents the deleted tag or the resulting tag with deleted valued.</maml:para>
        </maml:Description>
        <command:parameterValue required="true" variableLength="false">System.Management.Automation.SwitchParameter</command:parameterValue>
        <dev:type>
          <maml:name>System.Management.Automation.SwitchParameter</maml:name>
          <maml:uri />
        </dev:type>
        <dev:defaultValue>None</dev:defaultValue>
      </command:parameter>
      <command:parameter required="false" variableLength="true" globbing="false" pipelineInput="True (ByPropertyName)" position="1" aliases="none">
        <maml:name>Value</maml:name>
        <maml:Description>
          <maml:para>Deletes the specified values from the predefined tag, but does not delete the tag.</maml:para>
        </maml:Description>
        <command:parameterValue required="true" variableLength="false">System.String[]</command:parameterValue>
        <dev:type>
          <maml:name>System.String[]</maml:name>
          <maml:uri />
        </dev:type>
        <dev:defaultValue>None</dev:defaultValue>
      </command:parameter>
      <command:parameter required="false" variableLength="true" globbing="false" pipelineInput="False" position="named" aliases="cf">
        <maml:name>Confirm</maml:name>
        <maml:Description>
          <maml:para>Prompts you for confirmation before running the cmdlet.</maml:para>
        </maml:Description>
        <command:parameterValue required="true" variableLength="false">System.Management.Automation.SwitchParameter</command:parameterValue>
        <dev:type>
          <maml:name>System.Management.Automation.SwitchParameter</maml:name>
          <maml:uri />
        </dev:type>
        <dev:defaultValue>False</dev:defaultValue>
      </command:parameter>
      <command:parameter required="false" variableLength="true" globbing="false" pipelineInput="False" position="named" aliases="wi">
        <maml:name>WhatIf</maml:name>
        <maml:Description>
          <maml:para>Shows what would happen if the cmdlet runs. The cmdlet is not run.</maml:para>
        </maml:Description>
        <command:parameterValue required="true" variableLength="false">System.Management.Automation.SwitchParameter</command:parameterValue>
        <dev:type>
          <maml:name>System.Management.Automation.SwitchParameter</maml:name>
          <maml:uri />
        </dev:type>
        <dev:defaultValue>False</dev:defaultValue>
      </command:parameter>
    </command:parameters>
    <command:inputTypes>
      <command:inputType>
        <dev:type>
          <maml:name>System.String</maml:name>
        </dev:type>
        <maml:description>
          <maml:para></maml:para>
        </maml:description>
      </command:inputType>
      <command:inputType>
        <dev:type>
          <maml:name>System.String[]</maml:name>
        </dev:type>
        <maml:description>
          <maml:para></maml:para>
        </maml:description>
      </command:inputType>
      <command:inputType>
        <dev:type>
          <maml:name>System.Management.Automation.SwitchParameter</maml:name>
        </dev:type>
        <maml:description>
          <maml:para></maml:para>
        </maml:description>
      </command:inputType>
    </command:inputTypes>
    <command:returnValues>
      <command:returnValue>
        <dev:type>
          <maml:name>Microsoft.Azure.Commands.ResourceManager.Common.Tags.PSTag</maml:name>
        </dev:type>
        <maml:description>
          <maml:para></maml:para>
        </maml:description>
      </command:returnValue>
    </command:returnValues>
    <maml:alertSet>
      <maml:alert>
        <maml:para></maml:para>
      </maml:alert>
    </maml:alertSet>
    <command:examples>
      <command:example>
        <maml:title>Example 1: Delete a predefined tag</maml:title>
        <dev:code>PS C:\&gt;Remove-AzureRmTag -Name "Department"</dev:code>
        <dev:remarks>
          <maml:para>This command deletes the predefined tag named Department and all of its resources. If the tag has been applied to any resources or resource groups, the command fails.</maml:para>
<maml:para></maml:para>
<maml:para></maml:para>
        </dev:remarks>
      </command:example>
      <command:example>
        <maml:title>Example 2: Delete a value from a predefined tag</maml:title>
        <dev:code>PS C:\&gt;Remove-AzureRmTag -Name "Department" -Value "HumanResources" -PassThru
Name:   Department
Count:  14
Values: 

        Name        Count
        =========   =====

        Finance        2
        IT            12</dev:code>
        <dev:remarks>
          <maml:para>This command deletes the HumanResources value from the predefined Department tag. It does not delete the tag. If the value has been applied to any resources or resource groups, the command fails.</maml:para>
<maml:para></maml:para>
<maml:para></maml:para>
        </dev:remarks>
      </command:example>
    </command:examples>
    <command:relatedLinks>
      <maml:navigationLink>
        <maml:linkText>Online Version:</maml:linkText>
        <maml:uri>https://docs.microsoft.com/en-us/powershell/module/azurerm.tags/remove-azurermtag</maml:uri>
      </maml:navigationLink>
      <maml:navigationLink>
        <maml:linkText>Get-AzureRmTag</maml:linkText>
        <maml:uri></maml:uri>
      </maml:navigationLink>
      <maml:navigationLink>
        <maml:linkText>New-AzureRmTag</maml:linkText>
        <maml:uri></maml:uri>
      </maml:navigationLink>
    </command:relatedLinks>
  </command:command>
</helpItems>