{
   "extraction": [
      {
         "name": "name",
         "type": "string"
      },
      {
         "name": "vendor-addr",
         "type": "string",
         "multi_line": true
      },
      {
         "name": "phone",
         "type": "phone"
      },
      {
         "name": "date",
         "type": "date"
      },
      {
         "name": "total",
         "type": "number",
         "post_processing": "largest_value"
      },
      {
         "name": "tax",
         "type": "number"
      },
      {
         "name": "description",
         "type": "string",
         "section": "items"
      },
      {
         "name": "quantity",
         "type": "string",
         "section": "items",
         "split_items": true
      },
      {
         "name": "unit-price",
         "type": "string",
         "section": "items",
         "split_items": true
      },
      {
         "name": "line-amount",
         "type": "number",
         "section": "items",
         "split_items": true
      },
      {
         "name": "receipt-number",
         "type": "string"
      }
   ],
   "classification": {
      "currency": [
         {
            "name": "USD",
            "description": "United States"
         },
         {
            "name": "EUR",
            "description": "Europe"
         },
         {
            "name": "RON",
            "description": "Romania"
         },
         {
            "name": "GBP",
            "description": "UK"
         },
         {
            "name": "INR",
            "description": "India"
         },
         {
            "name": "CAD",
            "description": "Canada"
         },
         {
            "name": "AUD",
            "description": "Australia"
         },
         {
            "name": "MYR",
            "description": "Malaysia"
         },
         {
            "name": "BRL",
            "description": "Brazil"
         },
         {
            "name": "JPY",
            "description": "Japan"
         },
         {
            "name": "SGD",
            "description": "Singapore"
         },
         {
            "name": "HNL",
            "description": "Honduras"
         },
         {
            "name": "NIO",
            "description": "Nicaragua"
         },
         {
            "name": "AED",
            "description": "United Arab Emirates"
         },
         {
            "name": "HKD",
            "description": "Hong Kong"
         },
         {
            "name": "CHF",
            "description": "Switzerland"
         },
         {
            "name": "DZD",
            "description": "Algeria"
         },
         {
            "name": "SEK",
            "description": "Sweden"
         },
         {
            "name": "IDR",
            "description": "Indonesia"
         },
         {
            "name": "DKK",
            "description": "Denmark"
         },
         {
            "name": "NOK",
            "description": "Norway"
         },
         {
            "name": "BRL",
            "description": "Brazil"
         }
      ],
      "expense-type": [
         {
            "name": "other"
         },
         {
            "name": "airline"
         },
         {
            "name": "car_rental"
         },
         {
            "name": "cell_phone"
         },
         {
            "name": "food_meals"
         },
         {
            "name": "gasoline"
         },
         {
            "name": "hotel"
         },
         {
            "name": "parking"
         },
         {
            "name": "taxi"
         },
         {
            "name": "employee_training"
         },
         {
            "name": "office_supplies"
         },
         {
            "name": "bank_statement"
         },
         {
            "name": "electronics"
         },
         {
            "name": "train_bus"
         },
         {
            "name": "pharmaceutics"
         }
      ]
   }
}