{
   "extraction": [
      {
         "name": "name",
         "type": "string"
      },
      {
         "name": "vendor-addr",
         "type": "string",
         "multi_line": true
      },
      {
         "name": "billing-name",
         "type": "string"
      },
      {
         "name": "billing-addr",
         "type": "string",
         "multi_line": true
      },
      {
         "name": "shipping-addr",
         "type": "string",
         "multi_line": true
      },
      {
         "name": "invoice-no",
         "type": "id-no"
      },
      {
         "name": "po-no",
         "type": "id-no"
      },
      {
         "name": "date",
         "type": "date"
      },
      {
         "name": "tax",
         "type": "number"
      },
      {
         "name": "total",
         "type": "number",
         "post_processing": "largest_value"
      },
      {
         "name": "payment-terms",
         "type": "string",
         "multi_line": true
      },
      {
         "name": "description",
         "type": "string",
         "section": "items"
      },
      {
         "name": "quantity",
         "type": "number",
         "section": "items",
         "split_items": true
      },
      {
         "name": "unit-price",
         "type": "number",
         "section": "items",
         "split_items": true
      },
      {
         "name": "line-amount",
         "type": "number",
         "section": "items",
         "split_items": true
      },
      {
         "name": "item-po-no",
         "type": "id-no",
         "section": "items"
      },
      {
         "name": "line-no",
         "type": "id-no",
         "section": "items"
      },
      {
         "name": "line-net-amount",
         "type": "number",
         "section": "items"
      },
      {
         "name": "line-tax-amount",
         "type": "number",
         "section": "items"
      },
      {
         "name": "line-discount",
         "type": "number",
         "section": "items"
      },
      {
         "name": "part-no",
         "type": "id-no",
         "section": "items"
      },
      {
         "name": "net-amount",
         "type": "number"
      },
      {
         "name": "due-date",
         "type": "date"
      },
      {
         "name": "discount",
         "type": "number"
      },
      {
         "name": "shipping-charges",
         "type": "number"
      },
      {
         "name": "payment-addr",
         "type": "string",
         "multi_line": true
      }
   ],
   "classification": {

   }
}