files	subset
4feb2021_australia5.jpg	TRAIN
4feb2021_belgia5.jpg	TRAIN
4feb2021_canada3.jpg	VALIDATE
4feb2021_argentine4.jpg	TRAIN
4feb2021_passport-img.png.jpg	TRAIN
4feb2021_brazil2.jpg	TRAIN
4feb2021_thumbnail-sean-uk-passport.jpg	TRAIN
4feb2021_china4.jpg	VALIDATE
4feb2021_news12.jpg	TRAIN
4feb2021_israel2.jpg	TRAIN
4feb2021_china.jpg	VALIDATE
4feb2021_taiwan6.jpg	TRAIN
4feb2021_4feb2021-news13.jpg	TRAIN
4feb2021_aus3.jpg	TRAIN
4feb2021_news9.jpg	TRAIN
4feb2021_cabuz-passports.pdf_2.jpg	TRAIN
4feb2021_passport-data-page-661x1024.jpg	TRAIN
4feb2021_india11.jpg	TRAIN
4feb2021_uae3.jpg	TRAIN
4feb2021_belgia7.jpg	VALIDATE
4feb2021_canada5.jpg	VALIDATE
4feb2021_china8.jpg	TRAIN
4feb2021_china14.jpg	TRAIN
4feb2021_russia2.jpg	VALIDATE
4feb2021_taiwan8.jpg	TRAIN
4feb2021_germany.jpg	TRAIN
4feb2021_sweden2.jpg	TRAIN
4feb2021_ukraina4.jpg	TRAIN
4feb2021_india9.jpg	VALIDATE
4feb2021_greece3.jpg	TRAIN
4feb2021_hk6.jpg	TRAIN
4feb2021_israel4.jpg	TRAIN
4feb2021_italy.jpg	VALIDATE
4feb2021_cabuz-passports.pdf_1.jpg	VALIDATE
4feb2021_poland4.jpg	TRAIN
4feb2021_argentina1.jpg	TRAIN
4feb2021_taiwan22.jpg	VALIDATE
4feb2021_singapore3.jpg	TRAIN
4feb2021_india13.jpg	TRAIN
4feb2021_spain5.jpg	TRAIN
4feb2021_canada7.jpg	VALIDATE
4feb2021_romania.jpg	TRAIN
4feb2021_india3.jpg	TRAIN
4feb2021_hk7.jpg	TRAIN
4feb2021_japan4.jpg	TRAIN
4feb2021_singapore.jpg	TRAIN
4feb2021_chile3.jpg	TRAIN
4feb2021_sean-us-passport.pdf_0.jpg	TRAIN
4feb2021_uk10.jpg	TRAIN
4feb2021_cabuz-passports.pdf_0.jpg	TRAIN
4feb2021_hk2.jpg	TRAIN
4feb2021_passeport.jpg	TRAIN
4feb2021_michael-tatti-passport-1-feb-21.jpg	VALIDATE
4feb2021_korea4.jpg	TRAIN
4feb2021_indonesia.jpg	TRAIN
4feb2021_australia3.jpg	VALIDATE
4feb2021_taiwan20.jpg	TRAIN
4feb2021_croatia3.jpg	TRAIN
4feb2021_ukraina2.jpg	TRAIN
4feb2021_india7.jpg	TRAIN
4feb2021_japan8.jpg	TRAIN
4feb2021_china5.jpg	TRAIN
4feb2021_korea.jpg	TRAIN
4feb2021_chile7.jpg	TRAIN
4feb2021_hk3.jpg	TRAIN
4feb2021_passeport-aymeric-poignon.pdf_0.jpg	VALIDATE
4feb2021_news3.jpg	TRAIN
4feb2021_croatia6.jpg	TRAIN
4feb2021_finland4.jpg	VALIDATE
4feb2021_hk.jpg	TRAIN
4feb2021_passport-anastasia.pdf_0.jpg	TRAIN
4feb2021_canada10.jpg	TRAIN
4feb2021_argentina5.jpg	TRAIN
4feb2021_korea8.jpg	TRAIN
4feb2021_news4.jpg	VALIDATE
4feb2021_news5.jpg	VALIDATE
4feb2021_cyprus4.jpg	TRAIN
4feb2021_jak-poznám,-že-mám-biometrický-pas-cestování-po-usa.jpg	TRAIN
4feb2021_mv-passport.png.jpg	TRAIN
4feb2021_china9.jpg	TRAIN
4feb2021_taiwan5.jpg	TRAIN
4feb2021_03-passport.jpg	TRAIN
4feb2021_taiwan14.jpg	TRAIN
4feb2021_taiwan19.jpg	TRAIN
otherpass_4feb2021-italy4.jpg	TRAIN
4feb2021_uae.jpg	VALIDATE
4feb2021_uk6.jpg	TRAIN
4feb2021_belgia6.jpg	TRAIN
4feb2021_canada4.jpg	VALIDATE
4feb2021_chile10.jpg	VALIDATE
4feb2021_austria2.jpg	TRAIN
4feb2021_finland2.jpg	TRAIN
4feb2021_ireland7.jpg	TRAIN
4feb2021_india5.pdf_1.jpg	TRAIN
4feb2021_brazil3.jpg	VALIDATE
4feb2021_china3.jpg	TRAIN
4feb2021_china13.jpg	TRAIN
4feb2021_greece2.jpg	VALIDATE
4feb2021_israel3.jpg	TRAIN
4feb2021_aus2.jpg	VALIDATE
4feb2021_cyprus.jpg	VALIDATE
4feb2021_uk7.jpg	TRAIN
4feb2021_australia8.jpg	TRAIN
4feb2021_neth3.jpg	TRAIN
4feb2021_passport-jp.jpg	TRAIN
4feb2021_uae2.jpg	TRAIN
4feb2021_india4.jpg	TRAIN
4feb2021_japan5.jpg	TRAIN
4feb2021_canada6.jpg	TRAIN
4feb2021_ireland5.jpg	TRAIN
4feb2021_russia3.jpg	TRAIN
4feb2021_croatia.jpg	VALIDATE
4feb2021_saudi2.jpg	TRAIN
4feb2021_singapore1.jpg	TRAIN
4feb2021_sweden1.jpg	TRAIN
4feb2021_swiss6.jpg	VALIDATE
4feb2021_taiwan7.jpg	TRAIN
4feb2021_chile.jpg	VALIDATE
4feb2021_greece4.jpg	TRAIN
4feb2021_poland5.jpg	TRAIN
4feb2021_taiwan9.jpg	TRAIN
4feb2021_uk3.jpg	TRAIN
4feb2021_india8.jpg	TRAIN
4feb2021_japan9.jpg	TRAIN
4feb2021_taiwan10.jpg	TRAIN
4feb2021_taiwan17.jpg	TRAIN
4feb2021_chile8.jpg	VALIDATE
4feb2021_uk.jpg	TRAIN
otherpass_4feb2021-ireland.jpg	TRAIN
otherpass_4feb2021-minoh-kang-passport.jpg	TRAIN
otherpass_4feb2021-ukraina5.jpg	TRAIN
otherpass_4feb2021-germany6.jpg	TRAIN
4feb2021_korea9.jpg	TRAIN
otherpass_alex-4feb2021-neth9.jpg	VALIDATE
4feb2021_singapore5.jpg	TRAIN
4feb2021_hung.jpg	TRAIN
4feb2021_spain.jpg	TRAIN
4feb2021_chile2.jpg	TRAIN
4feb2021_romania3.jpg	TRAIN
4feb2021_korea3.jpg	TRAIN
4feb2021_passport.pdf_0.jpg	TRAIN
4feb2021_swiss7.jpg	VALIDATE
4feb2021_ukraina3.jpg	VALIDATE
4feb2021_hk4.jpg	TRAIN
4feb2021_australia6.jpg	TRAIN
4feb2021_india10.jpg	TRAIN
4feb2021_korea2.jpg	TRAIN
4feb2021_taiwan21.jpg	TRAIN
4feb2021_croatia4.jpg	VALIDATE
4feb2021_full.jpg	TRAIN
4feb2021_uae4.jpg	TRAIN
4feb2021_india5.jpg	TRAIN
4feb2021_japan6.jpg	TRAIN
4feb2021_australia7.jpg	VALIDATE
4feb2021_hk5.jpg	TRAIN
4feb2021_chile5.jpg	VALIDATE
4feb2021_taiwan24.jpg	TRAIN
4feb2021_saudi3.jpg	TRAIN
4feb2021_neth2.jpg	TRAIN
4feb2021_poland3.jpg	TRAIN
4feb2021_korea6.jpg	TRAIN
4feb2021_brazil4.jpg	VALIDATE
4feb2021_croatia2.jpg	TRAIN
4feb2021_oland1.jpg	TRAIN
4feb2021_china7.jpg	VALIDATE
4feb2021_taiwan15.jpg	VALIDATE
4feb2021_chile9.jpg	TRAIN
4feb2021_uk8.jpg	TRAIN
4feb2021_italy3.jpg	VALIDATE
4feb2021_taiwan2.jpg	TRAIN
4feb2021_croatia5.jpg	TRAIN
4feb2021_finland3.jpg	TRAIN
4feb2021_argentina2.jpg	TRAIN
4feb2021_ireland8.jpg	VALIDATE
4feb2021_uk11.jpg	TRAIN
4feb2021_brazil6.jpg	TRAIN
4feb2021_russia4.jpg	TRAIN
4feb2021_swiss4.jpg	TRAIN
4feb2021_brazil.jpg	VALIDATE
4feb2021_singapore4.jpg	TRAIN
4feb2021_swiss.jpg	TRAIN
4feb2021_taiwan18.jpg	TRAIN
4feb2021_news.jpg	TRAIN
4feb2021_uk9.jpg	TRAIN
4feb2021_taiwan13.jpg	TRAIN
4feb2021_ukraina.jpg	TRAIN
4feb2021_israel.jpg	TRAIN
4feb2021_download.jpg	TRAIN
4feb2021_uk4.jpg	TRAIN
4feb2021_india2.jpg	VALIDATE
4feb2021_japan3.jpg	VALIDATE
4feb2021_finland1.jpg	TRAIN
4feb2021_ireland6.jpg	TRAIN
4feb2021_deliu-passport.pdf_0.jpg	TRAIN
4feb2021_canada9.jpg	VALIDATE
4feb2021_passport.jpg	TRAIN
4feb2021_cyprus3.jpg	TRAIN
4feb2021_australia4.jpg	TRAIN
4feb2021_china10.jpg	TRAIN
4feb2021_aergentina3.jpg	TRAIN
4feb2021_russia6.jpg	TRAIN
4feb2021_russia.jpg	TRAIN
4feb2021_taiwan4.jpg	TRAIN
4feb2021_hung2.jpg	TRAIN
4feb2021_uk5.jpg	TRAIN
4feb2021_taiwan16.jpg	TRAIN
4feb2021_hung3.jpg	TRAIN
4feb2021_china12.jpg	TRAIN
4feb2021_chile6.jpg	TRAIN
4feb2021_ireland4.jpg	TRAIN
otherpass_4feb2021-sweden7.jpg	TRAIN
4feb2021_news7.jpg	TRAIN
4feb2021_korea7.jpg	VALIDATE
4feb2021_neth.jpg	TRAIN
4feb2021_poland2.jpg	TRAIN
4feb2021_4feb2021-news8.jpg	TRAIN
4feb2021_saudi.jpg	TRAIN
4feb2021_japan1.jpg	VALIDATE
4feb2021_onat-pass.jpg	TRAIN
4feb2021_austria.jpg	TRAIN
4feb2021_germany2.jpg	TRAIN
4feb2021_korea1.jpg	VALIDATE
4feb2021_ireland2.jpg	TRAIN
4feb2021_swiss5.jpg	TRAIN
4feb2021_ireland.jpg	VALIDATE
otherpass_4feb2021-zo-maak-je-een-veilige-kopie-van-je-paspoort-of-id-kaart.jpg	TRAIN
4feb2021_singapore2.jpg	VALIDATE
4feb2021_michael.pdf_0.jpg	VALIDATE
4feb2021_china2.jpg	TRAIN
4feb2021_belgia8.jpg	TRAIN
4feb2021_chile4.jpg	TRAIN
4feb2021_brazil5.jpg	TRAIN
4feb2021_canada.jpg	TRAIN
4feb2021_korea10.jpg	TRAIN
4feb2021_news10.jpg	TRAIN
4feb2021_neth6.jpg	TRAIN
4feb2021_korea5.jpg	TRAIN
4feb2021_romania2.jpg	TRAIN
4feb2021_4feb2021-saudi1.jpg	TRAIN
4feb2021_china6.jpg	TRAIN
4feb2021_download2.jpg	TRAIN
4feb2021_taiwan3.jpg	TRAIN
4feb2021_canada8.jpg	TRAIN
4feb2021_italy2.jpg	TRAIN
4feb2021_belgium.jpg	TRAIN
4feb2021_cyprus2.jpg	TRAIN
4feb2021_brazil7.jpg	VALIDATE
4feb2021_russia5.jpg	TRAIN
4feb2021_ukraina5.jpg	TRAIN
4feb2021_swiss3.jpg	TRAIN
4feb2021_argentina.jpg	TRAIN
4feb2021_ceska.png.jpg	TRAIN
4feb2021_news2.jpg	TRAIN
4feb2021_taiwan23.jpg	TRAIN
4feb2021_greece.jpg	VALIDATE
4feb2021_canada2.jpg	TRAIN
4feb2021_singapore6.jpg	VALIDATE
4feb2021_china11.jpg	TRAIN
4feb2021_india5.pdf_0.jpg	TRAIN
4feb2021_image-from-ios-(1).jpg	TRAIN
4feb2021_india1.jpg	TRAIN
4feb2021_japan2.jpg	TRAIN