{
 "extraction": [
  {
   "name": "name",
   "type": "string",
   "multi_line": false,
   "split_items": false,
   "post_processing": "first_span",
   "multi_page": "highest_confidence",
   "scoring": "levenshtein",
   "hidden": false
  },
  {
   "name": "invoice-no",
   "type": "id-no",
   "section": "items",
   "multi_line": false,
   "split_items": false,
   "post_processing": "first_span",
   "multi_page": "first_occurrence",
   "scoring": "exact_match",
   "hidden": false
  },
  {
   "name": "invoice-date",
   "type": "date",
   "section": "items",
   "multi_line": false,
   "split_items": false,
   "post_processing": "first_span",
   "multi_page": "first_occurrence",
   "scoring": "exact_match",
   "hidden": false
  },
  {
   "name": "invoice-amount",
   "type": "number",
   "section": "items",
   "multi_line": false,
   "split_items": false,
   "post_processing": "first_span",
   "multi_page": "highest_confidence",
   "scoring": "exact_match",
   "hidden": false
  },
  {
   "name": "total",
   "type": "number",
   "multi_line": false,
   "split_items": false,
   "post_processing": "first_span",
   "multi_page": "highest_confidence",
   "scoring": "exact_match",
   "hidden": false
  },
  {
   "name": "date",
   "type": "date",
   "multi_line": false,
   "split_items": false,
   "post_processing": "first_span",
   "multi_page": "first_occurrence",
   "scoring": "exact_match",
   "hidden": false
  },
  {
   "name": "advice-no",
   "type": "id-no",
   "multi_line": false,
   "split_items": false,
   "post_processing": "first_span",
   "multi_page": "first_occurrence",
   "scoring": "exact_match",
   "hidden": false
  },
  {
   "name": "vendor-name",
   "type": "string",
   "multi_line": false,
   "split_items": false,
   "post_processing": "first_span",
   "multi_page": "highest_confidence",
   "scoring": "levenshtein",
   "hidden": false
  },
  {
   "name": "vendor-addr",
   "type": "string",
   "multi_line": true,
   "split_items": false,
   "post_processing": "first_span",
   "multi_page": "highest_confidence",
   "scoring": "levenshtein",
   "hidden": false
  }
 ],
 "classification": {
  "currency": [
   {
    "name": "USD",
    "description": "United States"
   },
   {
    "name": "EUR",
    "description": "Europe"
   },
   {
    "name": "RON",
    "description": "Romania"
   },
   {
    "name": "GBP",
    "description": "UK"
   },
   {
    "name": "INR",
    "description": "India"
   },
   {
    "name": "CAD",
    "description": "Canada"
   },
   {
    "name": "AUD",
    "description": "Australia"
   },
   {
    "name": "MYR",
    "description": "Malaysia"
   },
   {
    "name": "BRL",
    "description": "Brazil"
   },
   {
    "name": "JPY",
    "description": "Japan"
   },
   {
    "name": "SGD",
    "description": "Singapore"
   },
   {
    "name": "HNL",
    "description": "Honduras"
   },
   {
    "name": "NIO",
    "description": "Nicaragua"
   },
   {
    "name": "AED",
    "description": "United Arab Emirates"
   },
   {
    "name": "HKD",
    "description": "Hong Kong"
   },
   {
    "name": "CHF",
    "description": "Switzerland"
   },
   {
    "name": "DZD",
    "description": "Algeria"
   },
   {
    "name": "SEK",
    "description": "Sweden"
   },
   {
    "name": "NOK",
    "description": "Norway"
   },
   {
    "name": "PLN",
    "description": "Poland"
   },
   {
    "name": "DKK",
    "description": "Denmark"
   }
  ]
 }
}