files	subset
uip-24may2021_remits-zip-remits_dxc-remittance-advice-3.pdf_0.jpg	TRAIN
uip-24may2021_remits-zip-remits_payment-advice-note-from-01.08.2020.pdf_0.jpg	TRAIN
25may2021_wfs-remittances-samples-zip-wfs-remittances-samples-federal-express_federal-express-10.pdf_1.jpg	TRAIN
uip-24may2021_remits-zip-remits_payment-advice-note-from-10152020.pdf_0.jpg	TRAIN
25may2021_wfs-remittances-samples-zip-wfs-remittances-samples-dhl_dhl-20.pdf_5.jpg	TRAIN
uip-24may2021_remits-zip-remits_dxc-remittance-advice-4.pdf_0.jpg	TRAIN
25may2021_wfs-remittances-samples-zip-wfs-remittances-samples-dhl_dhl-17.pdf_0.jpg	TRAIN
25may2021_wfs-remittances-samples-zip-wfs-remittances-samples-dhl_dhl-5.pdf_6.jpg	TRAIN
25may2021_wfs-remittances-samples-zip-wfs-remittances-samples-hill-air-corporation_hill-air-corporation-2.pdf_1.jpg	VALIDATE
uip-24may2021_remits-zip-remits_payment-advice.pdf_0.jpg	VALIDATE
25may2021_wfs-remittances-samples-zip-wfs-remittances-samples-usa-jet-airlines-inc_usa-jet-airlines-inc-9.pdf_0.jpg	TRAIN
uip-24may2021_remits-zip-remits_ap0001120687.pdf_0.jpg	TRAIN
uip-24may2021_remits-zip-remits_payment-advice-note-from-30.09.2020.pdf_0.jpg	TRAIN
25may2021_wfs-remittances-samples-zip-wfs-remittances-samples-dhl_dhl-1.pdf_3.jpg	VALIDATE
uip-24may2021_remits-zip-remits_payment1092519.pdf_0.jpg	TRAIN
25may2021_wfs-remittances-samples-zip-wfs-remittances-samples-poet-ethanol-products_poet-ethanol-products-2.pdf_0.jpg	TRAIN
25may2021_wfs-remittances-samples-zip-wfs-remittances-samples-federal-express_federal-express-10.pdf_0.jpg	TRAIN
25may2021_wfs-remittances-samples-zip-wfs-remittances-samples-wright-express_wex-1.pdf_2.jpg	VALIDATE
uip-24may2021_remits-zip-remits-eft7602020082006040035-321-zip_eft7602020082006040035-321.pdf_0.jpg	TRAIN
25may2021_wfs-remittances-samples-zip-wfs-remittances-samples-dhl_dhl-18.pdf_4.jpg	VALIDATE
25may2021_wfs-remittances-samples-zip-wfs-remittances-samples-dhl_dhl-20.pdf_3.jpg	TRAIN
25may2021_wfs-remittances-samples-zip-wfs-remittances-samples-whirlpool-corporation_whirlpool-corporation-4.pdf_0.jpg	TRAIN
25may2021_wfs-remittances-samples-zip-wfs-remittances-samples-southwest-airlines_southwest-airlines-14.pdf_1.jpg	TRAIN
25may2021_wfs-remittances-samples-zip-wfs-remittances-samples-federal-express_federal-express-3.pdf_6.jpg	TRAIN
25may2021_wfs-remittances-samples-zip-wfs-remittances-samples-usa-jet-airlines-inc_usa-jet-airlines-inc-4.pdf_0.jpg	TRAIN
uip-24may2021_remits-zip-remits_4030145-remit-20200729-160605.pdf_0.jpg	VALIDATE
25may2021_wfs-remittances-samples-zip-wfs-remittances-samples-cargolux-airlines_cargolux-airlines-2.pdf_0.jpg	VALIDATE
25may2021_wfs-remittances-samples-zip-wfs-remittances-samples-dhl_dhl-16.pdf_10.jpg	TRAIN
25may2021_wfs-remittances-samples-zip-wfs-remittances-samples-dhl_dhl-18.pdf_3.jpg	TRAIN
uip-24may2021_remits-zip-remits_payment-advice-1.pdf_0.jpg	TRAIN
25may2021_wfs-remittances-samples-zip-wfs-remittances-samples-dhl_dhl-9.pdf_4.jpg	TRAIN
25may2021_wfs-remittances-samples-zip-wfs-remittances-samples-the-university-of-mississippi_the-university-of-mississippi-5.pdf_0.jpg	VALIDATE
uip-24may2021_remits-zip-remits_payment-advice-for-account326875-1.pdf_0.jpg	TRAIN
25may2021_wfs-remittances-samples-zip-wfs-remittances-samples-southwest-airlines_southwest-airlines-13.pdf_1.jpg	TRAIN
25may2021_wfs-remittances-samples-zip-wfs-remittances-samples-air-transat-at-inc_air-transat-at-inc-8.pdf_0.jpg	VALIDATE
uip-24may2021_remits-zip-remits_under-armour-payment-remittance-for-09232020.pdf_0.jpg	VALIDATE
25may2021_wfs-remittances-samples-zip-wfs-remittances-samples-wright-express_wex-3.pdf_0.jpg	TRAIN
25may2021_wfs-remittances-samples-zip-wfs-remittances-samples-dhl_dhl-5.pdf_1.jpg	VALIDATE
25may2021_wfs-remittances-samples-zip-wfs-remittances-samples-northrop-grumman-aviation-division_northrop-grumman-aviation-division-9.pdf_0.jpg	TRAIN
25may2021_wfs-remittances-samples-zip-wfs-remittances-samples-dhl_dhl-18.pdf_2.jpg	VALIDATE
uip-24may2021_remits-zip-remits_sra514517.pdf_0.jpg	VALIDATE
25may2021_wfs-remittances-samples-zip-wfs-remittances-samples-l-brands-inc_l-brands-inc-9.pdf_0.jpg	TRAIN
25may2021_wfs-remittances-samples-zip-wfs-remittances-samples-usa-jet-airlines-inc_usa-jet-airlines-inc-10.pdf_0.jpg	TRAIN
uip-24may2021_remits-zip-remits_share2000125543001.pdf_0.jpg	TRAIN
25may2021_wfs-remittances-samples-zip-wfs-remittances-samples-turbine-engine-components-tech-corp_turbine-engine-components-tech-corp-4.pdf_0.jpg	TRAIN
uip-24may2021_remits-zip-remits_payment-advice-note-from-25.06.2020.pdf_0.jpg	VALIDATE
25may2021_wfs-remittances-samples-zip-wfs-remittances-samples-federal-express_federal-express-8.pdf_0.jpg	TRAIN
25may2021_wfs-remittances-samples-zip-wfs-remittances-samples-wright-express_wex-10.pdf_0.jpg	VALIDATE
uip-24may2021_remits-zip-remits_payment-advice-3108702-jn037588.pdf_0.jpg	TRAIN
uip-24may2021_remits-zip-remits_trk931833477.pdf_0.jpg	VALIDATE
25may2021_wfs-remittances-samples-zip-wfs-remittances-samples-dhl_dhl-18.pdf_1.jpg	VALIDATE
uip-24may2021_remits-zip-remits_payment-advice-note-from-29.03.2021.pdf_0.jpg	VALIDATE
25may2021_wfs-remittances-samples-zip-wfs-remittances-samples-dhl_dhl-19.pdf_6.jpg	TRAIN
uip-24may2021_remits-zip-remits_a001-2000009949-payment-advice.pdf_0.jpg	TRAIN
uip-24may2021_remits-zip-remits_invoicedetails.pdf_0.jpg	TRAIN
25may2021_wfs-remittances-samples-zip-wfs-remittances-samples-northrop-grumman-aviation-division_northrop-grumman-aviation-division-4.pdf_0.jpg	TRAIN
uip-24may2021_remits-zip-remits-eft7122020061106070048-8-zip_eft7122020061106070048-8.pdf_0.jpg	TRAIN
uip-24may2021_remits-zip-remits-eft7122021012107040055-12-zip_eft7122021012107040055-12.pdf_0.jpg	TRAIN
25may2021_wfs-remittances-samples-zip-wfs-remittances-samples-dhl_dhl-2.pdf_4.jpg	VALIDATE
25may2021_wfs-remittances-samples-zip-wfs-remittances-samples-federal-express_federal-express-3.pdf_1.jpg	TRAIN
25may2021_wfs-remittances-samples-zip-wfs-remittances-samples-wright-express_wex-8.pdf_0.jpg	TRAIN
25may2021_wfs-remittances-samples-zip-wfs-remittances-samples-geico_geico-8.pdf_0.jpg	TRAIN
uip-24may2021_remits-zip-remits_reportdata-2_0.jpg	TRAIN
25may2021_wfs-remittances-samples-zip-wfs-remittances-samples-cardinal-health_cardinal-health-5.pdf_0.jpg	TRAIN
uip-24may2021_remits-zip-remits_payment-advice-otto-(gmbh-&-co-kg).pdf_0.jpg	TRAIN
25may2021_wfs-remittances-samples-zip-wfs-remittances-samples-air-transat-at-inc_air-transat-at-inc-3.pdf_0.jpg	TRAIN
25may2021_wfs-remittances-samples-zip-wfs-remittances-samples-ozark-motor-lines_ozark-motor-lines-1.pdf_0.jpg	TRAIN
25may2021_wfs-remittances-samples-zip-wfs-remittances-samples-loparex-llc_loparex-llc-9.pdf_0.jpg	TRAIN
uip-24may2021_remits-zip-remits_eft7122020092918070013-2.pdf_0.jpg	TRAIN
25may2021_wfs-remittances-samples-zip-wfs-remittances-samples-petroleum-traders_petroleum-traders-4.pdf_0.jpg	TRAIN
uip-24may2021_remits-zip-remits_bankpaymadvicevend.report.pdf_0.jpg	TRAIN
25may2021_wfs-remittances-samples-zip-wfs-remittances-samples-dhl_dhl-19.pdf_4.jpg	TRAIN
uip-24may2021_remits-zip-remits_sce-remittance-report-uipath,-inc.-7.pdf_0.jpg	TRAIN
uip-24may2021_remits-zip-remits_reportdata-9_0.jpg	TRAIN
25may2021_wfs-remittances-samples-zip-wfs-remittances-samples-dhl_dhl-4.pdf_0.jpg	TRAIN
25may2021_wfs-remittances-samples-zip-wfs-remittances-samples-poet-ethanol-products_poet-ethanol-products-3.pdf_0.jpg	TRAIN
25may2021_wfs-remittances-samples-zip-wfs-remittances-samples-southwest-airlines_southwest-airlines-1-.pdf_0.jpg	TRAIN
25may2021_wfs-remittances-samples-zip-wfs-remittances-samples-dhl_dhl-17.pdf_1.jpg	TRAIN
25may2021_wfs-remittances-samples-zip-wfs-remittances-samples-elham-enterprises-ltd_elham-enterprises-ltd-3.pdf_0.jpg	VALIDATE
25may2021_wfs-remittances-samples-zip-wfs-remittances-samples-dhl_dhl-6.pdf_2.jpg	TRAIN
uip-24may2021_remits-zip-remits_payment-advice-for-0100032894-(01282021).pdf_0.jpg	VALIDATE
uip-24may2021_remits-zip-remits_vndrhq122share0000067662.pdf_0.jpg	TRAIN
uip-24may2021_remits-zip-remits_buchungsbeleg-uipath.pdf_0.jpg	VALIDATE
uip-24may2021_remits-zip-remits_remittance-advice-9-from-novigo-it-solutions.pdf_0.jpg	TRAIN
25may2021_wfs-remittances-samples-zip-wfs-remittances-samples-dhl_dhl-3.pdf_10.jpg	TRAIN
25may2021_wfs-remittances-samples-zip-wfs-remittances-samples-dhl_dhl-18.pdf_6.jpg	TRAIN
25may2021_wfs-remittances-samples-zip-wfs-remittances-samples-cargolux-airlines_cargolux-airlines-3.pdf_0.jpg	TRAIN
25may2021_wfs-remittances-samples-zip-wfs-remittances-samples-bluecross-blueshield-of-tn_bluecross-blueshield-of-tn-5.pdf_0.jpg	TRAIN
uip-24may2021_remits-zip-remits_a001-2000009949-payment-advice-1.pdf_0.jpg	VALIDATE
25may2021_wfs-remittances-samples-zip-wfs-remittances-samples-dhl_dhl-2.pdf_8.jpg	TRAIN
25may2021_wfs-remittances-samples-zip-wfs-remittances-samples-home-depot-inc_home-depot-inc.pdf_0.jpg	VALIDATE
25may2021_wfs-remittances-samples-zip-wfs-remittances-samples-wright-express_wex-12.pdf_0.jpg	VALIDATE
uip-24may2021_remits-zip-remits_trk931434949.pdf_0.jpg	VALIDATE
25may2021_wfs-remittances-samples-zip-wfs-remittances-samples-the-university-of-mississippi_the-university-of-mississippi-6.pdf_0.jpg	TRAIN
25may2021_wfs-remittances-samples-zip-wfs-remittances-samples-blossman-gas-inc_blossman-gans-in-3.pdf_0.jpg	VALIDATE
25may2021_wfs-remittances-samples-zip-wfs-remittances-samples-dhl_dhl-18.pdf_5.jpg	TRAIN
25may2021_wfs-remittances-samples-zip-wfs-remittances-samples-federal-express_federal-express-5.pdf_7.jpg	TRAIN
25may2021_wfs-remittances-samples-zip-wfs-remittances-samples-air-transat-at-inc_air-transat-at-inc-7.pdf_0.jpg	TRAIN
uip-24may2021_remits-zip-remits_omprompt-limited-remittance-advice3.pdf_0.jpg	TRAIN
uip-24may2021_remits-zip-remits_payment-advice-note-from-12012020.pdf_0.jpg	TRAIN
uip-24may2021_remits-zip-remits_0000005757.pdf_0.jpg	TRAIN
uip-24may2021_remits-zip-remits_paymentadviceno-1542944-35341.pdf_0.jpg	VALIDATE
25may2021_wfs-remittances-samples-zip-wfs-remittances-samples-federal-express_federal-express-1.pdf_4.jpg	VALIDATE
25may2021_wfs-remittances-samples-zip-wfs-remittances-samples-dhl_dhl-16.pdf_2.jpg	VALIDATE
25may2021_wfs-remittances-samples-zip-wfs-remittances-samples-blossman-gas-inc_blossman-gans-in-1.pdf_0.jpg	TRAIN
uip-24may2021_remits-zip-remits_271-20200527-42638466-1-50-20200527-182128820.pdf_0.jpg	TRAIN
uip-24may2021_remits-zip-remits_payment1148372.pdf_0.jpg	TRAIN
25may2021_wfs-remittances-samples-zip-wfs-remittances-samples-cargolux-airlines_cargolux-airlines-8.pdf_0.jpg	VALIDATE
25may2021_wfs-remittances-samples-zip-wfs-remittances-samples-northrop-grumman-aviation-division_northrop-grumman-aviation-division-10.pdf_0.jpg	VALIDATE
25may2021_wfs-remittances-samples-zip-wfs-remittances-samples-rbj-industries-inc_rbj-industries-inc-8.pdf_0.jpg	VALIDATE
25may2021_wfs-remittances-samples-zip-wfs-remittances-samples-wright-express_wex-8.pdf_1.jpg	TRAIN
uip-24may2021_remits-zip-remits_payment1171086.pdf_0.jpg	TRAIN
25may2021_wfs-remittances-samples-zip-wfs-remittances-samples-cargolux-airlines_cargolux-airlines-5.pdf_1.jpg	VALIDATE
uip-24may2021_remits-zip-remits_271-20201124-50004961-2-50-20201124-209272824.pdf_0.jpg	TRAIN
25may2021_wfs-remittances-samples-zip-wfs-remittances-samples-dhl_dhl-7.pdf_2.jpg	TRAIN
uip-24may2021_remits-zip-remits_remitsrsattachment.pdf_0.jpg	TRAIN
25may2021_wfs-remittances-samples-zip-wfs-remittances-samples-geico_geico-4.pdf_0.jpg	TRAIN
25may2021_wfs-remittances-samples-zip-wfs-remittances-samples-wright-express_wex-11.pdf_0.jpg	TRAIN
uip-24may2021_remits-zip-remits_271-20200617-43568965-1-50-20200617-185101476.pdf_0.jpg	TRAIN
25may2021_wfs-remittances-samples-zip-wfs-remittances-samples-cargolux-airlines_cargolux-airlines-2.pdf_2.jpg	TRAIN
25may2021_wfs-remittances-samples-zip-wfs-remittances-samples-dhl_dhl-16.pdf_1.jpg	TRAIN
uip-24may2021_remits-zip-remits-eft7122020071606040059-4-zip_eft7122020071606040059-4.pdf_0.jpg	TRAIN
uip-24may2021_remits-zip-remits_trk953138389.pdf_0.jpg	TRAIN
25may2021_wfs-remittances-samples-zip-wfs-remittances-samples-wright-express_wex-10.pdf_2.jpg	VALIDATE
25may2021_wfs-remittances-samples-zip-wfs-remittances-samples-southwest-airlines_southwest-airlines-12.pdf_0.jpg	TRAIN
uip-24may2021_remits-zip-remits_avis-2.pdf_0.jpg	TRAIN
uip-24may2021_remits-zip-remits_my04000q0049540mykul.pdf_1.jpg	TRAIN
25may2021_wfs-remittances-samples-zip-wfs-remittances-samples-dhl_dhl-2.pdf_3.jpg	TRAIN
uip-24may2021_remits-zip-remits_exl-payment-remitance-advice-30444.pdf_0.jpg	VALIDATE
uip-24may2021_remits-zip-remits_tt-200924556688-attachment.pdf_0.jpg	TRAIN
25may2021_wfs-remittances-samples-zip-wfs-remittances-samples-dhl_dhl-16.pdf_0.jpg	TRAIN
uip-24may2021_remits-zip-remits_sra605275.pdf_0.jpg	TRAIN
uip-24may2021_remits-zip-remits_id00759q0014232idjkt.pdf_1.jpg	TRAIN
25may2021_wfs-remittances-samples-zip-wfs-remittances-samples-geico_geico-9.pdf_0.jpg	TRAIN
25may2021_wfs-remittances-samples-zip-wfs-remittances-samples-usa-jet-airlines-inc_usa-jet-airlines-inc-1.pdf_0.jpg	TRAIN
25may2021_wfs-remittances-samples-zip-wfs-remittances-samples-poet-ethanol-products_poet-ethanol-products-5.pdf_0.jpg	TRAIN
25may2021_wfs-remittances-samples-zip-wfs-remittances-samples-southwest-airlines_southwest-airlines-11.pdf_0.jpg	TRAIN
uip-24may2021_remits-zip-remits_eft7122020111915360059-3.pdf_0.jpg	TRAIN
25may2021_wfs-remittances-samples-zip-wfs-remittances-samples-dhl_dhl-4.pdf_5.jpg	TRAIN
uip-24may2021_remits-zip-remits-eft7122020121008140031-16-zip_eft7122020121008140031-16.pdf_0.jpg	TRAIN
25may2021_wfs-remittances-samples-zip-wfs-remittances-samples-air-transat-at-inc_air-transat-at-inc-2.pdf_0.jpg	TRAIN
uip-24may2021_remits-zip-remits_0043011389-mhsa-6300123896.pdf_0.jpg	TRAIN
uip-24may2021_remits-zip-remits_remittance.pdf_0.jpg	TRAIN
uip-24may2021_remits-zip-remits_payment-advice-note-from-03.08.2020.pdf_0.jpg	TRAIN
25may2021_wfs-remittances-samples-zip-wfs-remittances-samples-federal-express_federal-express-10.pdf_5.jpg	TRAIN
25may2021_wfs-remittances-samples-zip-wfs-remittances-samples-rbj-industries-inc_rbj-industries-inc-3.pdf_0.jpg	TRAIN
25may2021_wfs-remittances-samples-zip-wfs-remittances-samples-dhl_dhl-3.pdf_9.jpg	TRAIN
25may2021_wfs-remittances-samples-zip-wfs-remittances-samples-vermeer-manufacturing-company_vermeer-manufacturing-company-5.pdf_0.jpg	TRAIN
25may2021_wfs-remittances-samples-zip-wfs-remittances-samples-southwest-airlines_southwest-airlines-10.pdf_0.jpg	VALIDATE
uip-24may2021_remits-zip-remits-eft9502020072111020026-40-zip_eft9502020072111020026-40.pdf_0.jpg	TRAIN
25may2021_wfs-remittances-samples-zip-wfs-remittances-samples-dhl_dhl-17.pdf_4.jpg	TRAIN
25may2021_wfs-remittances-samples-zip-wfs-remittances-samples-whirlpool-corporation_whirlpool-corporation-7.pdf_0.jpg	VALIDATE
uip-24may2021_remits-zip-remits_a6cf0c0d-2f3a-4d41-9f4b-a66d8a346547.pdf_0.jpg	TRAIN
uip-24may2021_remits-zip-remits_viseo-payment-advice-note-from-26.03.2021.pdf_0.jpg	TRAIN
25may2021_wfs-remittances-samples-zip-wfs-remittances-samples-l-brands-inc_l-brands-inc-2.pdf_0.jpg	TRAIN
uip-24may2021_remits-zip-remits_outgoing-payments-720035559-20210224-142753.pdf_0.jpg	TRAIN
uip-24may2021_remits-zip-remits_payment-advice-note-from-09142020.pdf_0.jpg	TRAIN
uip-24may2021_remits-zip-remits_payment-advice-note-from-28.12.2020.pdf_0.jpg	TRAIN
25may2021_wfs-remittances-samples-zip-wfs-remittances-samples-federal-express_federal-express-10.pdf_4.jpg	TRAIN
uip-24may2021_remits-zip-remits_remittance-advice-signant-health-management-21.05.21.pdf_0.jpg	TRAIN
uip-24may2021_remits-zip-remits-eft7122021042206380049-46-zip_eft7122021042206380049-46.pdf_0.jpg	TRAIN
uip-24may2021_remits-zip-remits_payment-advice-24.pdf_0.jpg	VALIDATE
25may2021_wfs-remittances-samples-zip-wfs-remittances-samples-dhl_dhl-17.pdf_3.jpg	TRAIN
25may2021_wfs-remittances-samples-zip-wfs-remittances-samples-dhl_dhl-6.pdf_1.jpg	TRAIN
uip-24may2021_remits-zip-remits_sce-remittance-report-uipath,-inc.-5.pdf_0.jpg	VALIDATE
25may2021_wfs-remittances-samples-zip-wfs-remittances-samples-wright-express_wex-19.pdf_1.jpg	TRAIN
uip-24may2021_remits-zip-remits_payment-advice-9.pdf_0.jpg	TRAIN
25may2021_wfs-remittances-samples-zip-wfs-remittances-samples-federal-express_federal-express-2.pdf_5.jpg	TRAIN
uip-24may2021_remits-zip-remits_reportdata-7_0.jpg	TRAIN
uip-24may2021_remits-zip-remits_share0000002159002-1.pdf_0.jpg	TRAIN
25may2021_wfs-remittances-samples-zip-wfs-remittances-samples-blossman-gas-inc_blossman-gans-in-9.pdf_0.jpg	TRAIN
25may2021_wfs-remittances-samples-zip-wfs-remittances-samples-federal-express_federal-express-10.pdf_3.jpg	TRAIN
uip-24may2021_remits-zip-remits_payment-advice-22.pdf_0.jpg	VALIDATE
uip-24may2021_remits-zip-remits_payment1171713.pdf_0.jpg	VALIDATE
uip-24may2021_remits-zip-remits_remittance-of-uipath-srl..pdf_0.jpg	TRAIN
25may2021_wfs-remittances-samples-zip-wfs-remittances-samples-dhl_dhl-17.pdf_2.jpg	TRAIN
25may2021_wfs-remittances-samples-zip-wfs-remittances-samples-southwest-airlines_southwest-airlines-18.pdf_1.jpg	TRAIN
uip-24may2021_remits-zip-remits_payment-advice-note-from-28.04.2021.pdf_0.jpg	TRAIN
25may2021_wfs-remittances-samples-zip-wfs-remittances-samples-wright-express_wex-5.pdf_0.jpg	VALIDATE
uip-24may2021_remits-zip-remits_my12683q0000395mykul.pdf_1.jpg	TRAIN
25may2021_wfs-remittances-samples-zip-wfs-remittances-samples-southwest-airlines_southwest-airlines-5.pdf_0.jpg	TRAIN
25may2021_wfs-remittances-samples-zip-wfs-remittances-samples-air-transat-at-inc_payment-advice-note-from-12082020.pdf_0.jpg	TRAIN
25may2021_wfs-remittances-samples-zip-wfs-remittances-samples-blossman-gas-inc_blossman-gans-in-7.pdf_0.jpg	TRAIN
uip-24may2021_remits-zip-remits_uipath-ach.pdf_0.jpg	VALIDATE
25may2021_wfs-remittances-samples-zip-wfs-remittances-samples-dhl_dhl-7.pdf_7.jpg	VALIDATE
uip-24may2021_remits-zip-remits_payment-advice-note-from-02012021.pdf_0.jpg	TRAIN
uip-24may2021_remits-zip-remits_payment-advice-20.pdf_0.jpg	TRAIN
25may2021_wfs-remittances-samples-zip-wfs-remittances-samples-dhl_dhl-18.pdf_7.jpg	VALIDATE
25may2021_wfs-remittances-samples-zip-wfs-remittances-samples-mdu-resources-group_mdu-resources-group-6.pdf_0.jpg	TRAIN
25may2021_wfs-remittances-samples-zip-wfs-remittances-samples-federal-express_federal-express-10.pdf_2.jpg	TRAIN
uip-24may2021_remits-zip-remits_uipath-inc.pdf_0.jpg	TRAIN
uip-24may2021_remits-zip-remits_dxc-remittance-advice-2.pdf_0.jpg	TRAIN
25may2021_wfs-remittances-samples-zip-wfs-remittances-samples-the-university-of-mississippi_the-university-of-mississippi-1.pdf_0.jpg	TRAIN
25may2021_wfs-remittances-samples-zip-wfs-remittances-samples-dhl_dhl-3.pdf_4.jpg	TRAIN
25may2021_wfs-remittances-samples-zip-wfs-remittances-samples-turbine-engine-components-tech-corp_turbine-engine-components-tech-corp-9.pdf_0.jpg	TRAIN
25may2021_wfs-remittances-samples-zip-wfs-remittances-samples-wright-express_wex-3.pdf_1.jpg	TRAIN
25may2021_wfs-remittances-samples-zip-wfs-remittances-samples-dhl_dhl-16.pdf_4.jpg	TRAIN
uip-24may2021_remits-zip-remits-eft7122020091016390025-13-zip_eft7122020091016390025-13.pdf_0.jpg	VALIDATE
uip-24may2021_remits-zip-remits_eft9502020072111020026-41.pdf_0.jpg	TRAIN
uip-24may2021_remits-zip-remits_payment-advice-3108702-jn045239.pdf_0.jpg	TRAIN
25may2021_wfs-remittances-samples-zip-wfs-remittances-samples-poet-ethanol-products_poet-ethanol-products-7.pdf_0.jpg	TRAIN
uip-24may2021_remits-zip-remits_nmsgp0000002285sgpusd0001.pdf_0.jpg	TRAIN
25may2021_wfs-remittances-samples-zip-wfs-remittances-samples-federal-express_federal-express-3.pdf_5.jpg	TRAIN
25may2021_wfs-remittances-samples-zip-wfs-remittances-samples-southwest-airlines_southwest-airlines-15.pdf_0.jpg	VALIDATE
uip-24may2021_remits-zip-remits_details-about-our-last-payment.pdf_0.jpg	TRAIN
uip-24may2021_remits-zip-remits_payment-advice-14.pdf_0.jpg	TRAIN
25may2021_wfs-remittances-samples-zip-wfs-remittances-samples-federal-express_federal-express-3.pdf_20.jpg	TRAIN
25may2021_wfs-remittances-samples-zip-wfs-remittances-samples-dhl_dhl-16.pdf_3.jpg	TRAIN
25may2021_wfs-remittances-samples-zip-wfs-remittances-samples-elham-enterprises-ltd_elham-enterprises-ltd-7.pdf_0.jpg	VALIDATE
uip-24may2021_remits-zip-remits_payment1091139.pdf_0.jpg	VALIDATE
25may2021_wfs-remittances-samples-zip-wfs-remittances-samples-air-transat-at-inc_payment-advice-note-from-11252020.pdf_0.jpg	TRAIN
uip-24may2021_remits-zip-remits-eft7122020102906100018-10-zip_eft7122020102906100018-10.pdf_0.jpg	TRAIN
25may2021_wfs-remittances-samples-zip-wfs-remittances-samples-dhl_dhl-9.pdf_3.jpg	VALIDATE
uip-24may2021_remits-zip-remits_payment-advice-8.pdf_0.jpg	TRAIN
25may2021_wfs-remittances-samples-zip-wfs-remittances-samples-federal-express_federal-express-10.pdf_9.jpg	TRAIN
25may2021_wfs-remittances-samples-zip-wfs-remittances-samples-southwest-airlines_southwest-airlines-14.pdf_0.jpg	TRAIN
uip-24may2021_remits-zip-remits_uipath-0708-b.pdf_0.jpg	TRAIN
uip-24may2021_remits-zip-remits_payment-advice-12.pdf_0.jpg	VALIDATE
25may2021_wfs-remittances-samples-zip-wfs-remittances-samples-dhl_dhl-5.pdf_0.jpg	TRAIN
25may2021_wfs-remittances-samples-zip-wfs-remittances-samples-northrop-grumman-aviation-division_northrop-grumman-aviation-division-3.pdf_0.jpg	TRAIN
uip-24may2021_remits-zip-remits_payment-advice-note-from-12212020-1.pdf_0.jpg	VALIDATE
uip-24may2021_remits-zip-remits_red-bull-payment-advice.pdf_0.jpg	TRAIN
uip-24may2021_remits-zip-remits_remitsrsattachment-2.pdf_0.jpg	VALIDATE
uip-24may2021_remits-zip-remits_4030145-remit-20201123-143949.pdf_0.jpg	TRAIN
25may2021_wfs-remittances-samples-zip-wfs-remittances-samples-edelweiss-air-ag_edelweiss-air-ag-2.pdf_0.jpg	TRAIN
25may2021_wfs-remittances-samples-zip-wfs-remittances-samples-federal-express_federal-express-10.pdf_8.jpg	TRAIN
uip-24may2021_remits-zip-remits_payment-advice-note-from-26.11.2020-1.pdf_0.jpg	TRAIN
uip-24may2021_remits-zip-remits_payment-advice-vendor-425954.pdf_0.jpg	TRAIN
25may2021_wfs-remittances-samples-zip-wfs-remittances-samples-dhl_dhl-4.pdf_4.jpg	TRAIN
25may2021_wfs-remittances-samples-zip-wfs-remittances-samples-southwest-airlines_southwest-airlines-13.pdf_0.jpg	TRAIN
25may2021_wfs-remittances-samples-zip-wfs-remittances-samples-usa-jet-airlines-inc_usa-jet-airlines-inc-6.pdf_0.jpg	TRAIN
uip-24may2021_remits-zip-remits_0043011389-mhsa-6300115895.pdf_0.jpg	TRAIN
uip-24may2021_remits-zip-remits_amadeus-payment-advice-1.pdf_0.jpg	TRAIN
uip-24may2021_remits-zip-remits_payment-advice-10.pdf_0.jpg	TRAIN
uip-24may2021_remits-zip-remits_payment-advice-note-from-05242021.pdf_0.jpg	TRAIN
25may2021_wfs-remittances-samples-zip-wfs-remittances-samples-vermeer-manufacturing-company_vermeer-manufacturing-company-6.pdf_0.jpg	VALIDATE
uip-24may2021_remits-zip-remits_payment-advice-note-from-23.01.2021.pdf_0.jpg	VALIDATE
25may2021_wfs-remittances-samples-zip-wfs-remittances-samples-wright-express_wex-10.pdf_4.jpg	TRAIN
uip-24may2021_remits-zip-remits_payment-advice-letter.pdf_0.jpg	TRAIN
uip-24may2021_remits-zip-remits_payment-advice-note-from-04.08.2020.pdf_0.jpg	TRAIN
25may2021_wfs-remittances-samples-zip-wfs-remittances-samples-rbj-industries-inc_rbj-industries-inc-2.pdf_0.jpg	TRAIN
uip-24may2021_remits-zip-remits_ui00000u-1610645160219.pdf_0.jpg	TRAIN
25may2021_wfs-remittances-samples-zip-wfs-remittances-samples-wright-express_wex-5.pdf_1.jpg	TRAIN
25may2021_wfs-remittances-samples-zip-wfs-remittances-samples-poet-ethanol-products_poet-ethanol-products-10.pdf_0.jpg	TRAIN
uip-24may2021_remits-zip-remits_pl-rem-uip002-(0001).pdf_0.jpg	TRAIN
25may2021_wfs-remittances-samples-zip-wfs-remittances-samples-federal-express_federal-express-3.pdf_0.jpg	TRAIN
25may2021_wfs-remittances-samples-zip-wfs-remittances-samples-elham-enterprises-ltd_elham-enterprises-ltd-10.pdf_0.jpg	TRAIN
25may2021_wfs-remittances-samples-zip-wfs-remittances-samples-federal-express_federal-express-10.pdf_6.jpg	TRAIN
uip-24may2021_remits-zip-remits_payment-advice-3108702-jn037228.pdf_0.jpg	TRAIN
uip-24may2021_remits-zip-remits_remittance-1.pdf_0.jpg	VALIDATE
uip-24may2021_remits-zip-remits_payment-advice-3108702-jn047057.pdf_0.jpg	TRAIN
uip-24may2021_remits-zip-remits_remittance-advice-72215-20201113-165046utc.pdf_0.jpg	TRAIN
uip-24may2021_remits-zip-remits_share0000458942main.pdf_0.jpg	VALIDATE
uip-24may2021_remits-zip-remits_remittance-advice-230025.pdf_0.jpg	TRAIN
uip-24may2021_remits-zip-remits_reportdata_0.jpg	TRAIN
uip-24may2021_remits-zip-remits_payment-advice-26.pdf_0.jpg	VALIDATE
uip-24may2021_remits-zip-remits_sce-remittance-report-uipath,-inc..pdf_0.jpg	TRAIN
25may2021_wfs-remittances-samples-zip-wfs-remittances-samples-dhl_dhl-8.pdf_2.jpg	TRAIN
uip-24may2021_remits-zip-remits_eft7122021051306380033-15.pdf_0.jpg	TRAIN
25may2021_wfs-remittances-samples-zip-wfs-remittances-samples-dhl_dhl-15.pdf_2.jpg	TRAIN
25may2021_wfs-remittances-samples-zip-wfs-remittances-samples-loparex-llc_loparex-llc-1.pdf_0.jpg	TRAIN
uip-24may2021_remits-zip-remits_sra464068.pdf_0.jpg	VALIDATE
25may2021_wfs-remittances-samples-zip-wfs-remittances-samples-southwest-airlines_southwest-airlines-4.pdf_0.jpg	VALIDATE
25may2021_wfs-remittances-samples-zip-wfs-remittances-samples-wright-express_wex-14.pdf_0.jpg	TRAIN
25may2021_wfs-remittances-samples-zip-wfs-remittances-samples-wright-express_wex-20.pdf_1.jpg	TRAIN
25may2021_wfs-remittances-samples-zip-wfs-remittances-samples-dhl_dhl-15.pdf_1.jpg	TRAIN
uip-24may2021_remits-zip-remits_payment-advice-chantelle-sa-46815-03.02.2021.pdf_0.jpg	TRAIN
25may2021_wfs-remittances-samples-zip-wfs-remittances-samples-dhl_dhl-3.pdf_3.jpg	TRAIN
25may2021_wfs-remittances-samples-zip-wfs-remittances-samples-air-transat-at-inc_payment-advice-note-from-12152020.pdf_0.jpg	TRAIN
25may2021_wfs-remittances-samples-zip-wfs-remittances-samples-dhl_dhl-16.pdf_6.jpg	VALIDATE
uip-24may2021_remits-zip-remits_avis.pdf_0.jpg	TRAIN
25may2021_wfs-remittances-samples-zip-wfs-remittances-samples-dhl_dhl-15.pdf_0.jpg	TRAIN
25may2021_wfs-remittances-samples-zip-wfs-remittances-samples-dhl_dhl-5.pdf_5.jpg	TRAIN
25may2021_wfs-remittances-samples-zip-wfs-remittances-samples-federal-express_federal-express-6.pdf_2.jpg	TRAIN
uip-24may2021_remits-zip-remits_id00759q0014837idjkt.pdf_1.jpg	TRAIN
uip-24may2021_remits-zip-remits_ptepp018428z001.pdf_0.jpg	VALIDATE
25may2021_wfs-remittances-samples-zip-wfs-remittances-samples-elham-enterprises-ltd_elham-enterprises-ltd-8.pdf_0.jpg	TRAIN
uip-24may2021_remits-zip-remits_payment-advice-note-from-15.12.2020.pdf_0.jpg	TRAIN
uip-24may2021_remits-zip-remits_uipath-inc-1.pdf_0.jpg	TRAIN
25may2021_wfs-remittances-samples-zip-wfs-remittances-samples-dhl_dhl-16.pdf_5.jpg	TRAIN
uip-24may2021_remits-zip-remits_dxc-remittance-advice-1.pdf_0.jpg	TRAIN
uip-24may2021_remits-zip-remits_eft7122021031107050033-21.pdf_0.jpg	TRAIN
25may2021_wfs-remittances-samples-zip-wfs-remittances-samples-dhl_dhl-1.pdf_2.jpg	TRAIN
25may2021_wfs-remittances-samples-zip-wfs-remittances-samples-turbine-engine-components-tech-corp_turbine-engine-components-tech-corp-5.pdf_0.jpg	TRAIN
25may2021_wfs-remittances-samples-zip-wfs-remittances-samples-wright-express_wex-13.pdf_0.jpg	TRAIN
25may2021_wfs-remittances-samples-zip-wfs-remittances-samples-southwest-airlines_southwest-airlines-16.pdf_0.jpg	TRAIN
uip-24may2021_remits-zip-remits_payment-advice-note-from-03.02.2021.pdf_0.jpg	TRAIN
25may2021_wfs-remittances-samples-zip-wfs-remittances-samples-federal-express_federal-express-1.pdf_3.jpg	TRAIN
25may2021_wfs-remittances-samples-zip-wfs-remittances-samples-northrop-grumman-aviation-division_northrop-grumman-aviation-division-8.pdf_0.jpg	VALIDATE
uip-24may2021_remits-zip-remits_payment-advice-16.pdf_0.jpg	TRAIN
uip-24may2021_remits-zip-remits-eft7122020122316030009-2-zip_eft7122020122316030009-2.pdf_0.jpg	TRAIN
uip-24may2021_remits-zip-remits_payment1173603.pdf_0.jpg	TRAIN
25may2021_wfs-remittances-samples-zip-wfs-remittances-samples-geico_geico-5.pdf_0.jpg	TRAIN
25may2021_wfs-remittances-samples-zip-wfs-remittances-samples-wright-express_wex-5.pdf_2.jpg	TRAIN
25may2021_wfs-remittances-samples-zip-wfs-remittances-samples-air-transat-at-inc_payment-advice-note-from-11102020.pdf_0.jpg	VALIDATE
uip-24may2021_remits-zip-remits_eft7602020102617320026-158.pdf_0.jpg	VALIDATE
25may2021_wfs-remittances-samples-zip-wfs-remittances-samples-edelweiss-air-ag_edelweiss-air-ag-6.pdf_0.jpg	TRAIN
25may2021_wfs-remittances-samples-zip-wfs-remittances-samples-cardinal-health_cardinal-health-1.pdf_0.jpg	VALIDATE
25may2021_wfs-remittances-samples-zip-wfs-remittances-samples-dhl_dhl-7.pdf_1.jpg	TRAIN
uip-24may2021_remits-zip-remits_vndr00001share0010133784.pdf_0.jpg	VALIDATE
uip-24may2021_remits-zip-remits_payment-advice-note-from-27.07.2020.pdf_0.jpg	TRAIN
25may2021_wfs-remittances-samples-zip-wfs-remittances-samples-dhl_dhl-14.pdf_1.jpg	TRAIN
uip-24may2021_remits-zip-remits_trk947847037.pdf_0.jpg	TRAIN
25may2021_wfs-remittances-samples-zip-wfs-remittances-samples-wright-express_wex-10.pdf_6.jpg	TRAIN
uip-24may2021_remits-zip-remits_vndrma313share0000060650-1.pdf_0.jpg	TRAIN
25may2021_wfs-remittances-samples-zip-wfs-remittances-samples-epps-air-service_epps-air-service-2.pdf_0.jpg	TRAIN
25may2021_wfs-remittances-samples-zip-wfs-remittances-samples-dhl_dhl-6.pdf_5.jpg	TRAIN
25may2021_wfs-remittances-samples-zip-wfs-remittances-samples-edelweiss-air-ag_edelweiss-air-ag-4.pdf_0.jpg	TRAIN
uip-24may2021_remits-zip-remits_payment-advice-note-from-01.05.2021-1.pdf_0.jpg	TRAIN
uip-24may2021_remits-zip-remits_pl-rem-uip002-(0002).pdf_0.jpg	TRAIN
uip-24may2021_remits-zip-remits_payment-advice-note-from-02182021.pdf_0.jpg	TRAIN
uip-24may2021_remits-zip-remits_payment1095881.pdf_0.jpg	TRAIN
25may2021_wfs-remittances-samples-zip-wfs-remittances-samples-dhl_dhl-2.pdf_2.jpg	TRAIN
25may2021_wfs-remittances-samples-zip-wfs-remittances-samples-dhl_dhl-14.pdf_0.jpg	TRAIN
25may2021_wfs-remittances-samples-zip-wfs-remittances-samples-l-brands-inc_l-brands-inc-10.pdf_0.jpg	TRAIN
25may2021_wfs-remittances-samples-zip-wfs-remittances-samples-wright-express_wex-7.pdf_0.jpg	TRAIN
25may2021_wfs-remittances-samples-zip-wfs-remittances-samples-wright-express_wex-16.pdf_0.jpg	VALIDATE
25may2021_wfs-remittances-samples-zip-wfs-remittances-samples-cargolux-airlines_cargolux-airlines-8.pdf_2.jpg	TRAIN
uip-24may2021_remits-zip-remits_271-20201020-48602442-1-50-20201020-203924424.pdf_0.jpg	TRAIN
25may2021_wfs-remittances-samples-zip-wfs-remittances-samples-hill-air-corporation_hill-air-corporation-1.pdf_1.jpg	TRAIN
uip-24may2021_remits-zip-remits-eft7602021022608340027-164-zip_eft7602021022608340027-164.pdf_0.jpg	VALIDATE
25may2021_wfs-remittances-samples-zip-wfs-remittances-samples-petroleum-traders_petroleum-traders-6.pdf_0.jpg	TRAIN
uip-24may2021_remits-zip-remits_uipath-remittance.pdf_0.jpg	VALIDATE
25may2021_wfs-remittances-samples-zip-wfs-remittances-samples-deutsche-lufthansa_deutsche-lufthansa-4.pdf_0.jpg	TRAIN
25may2021_wfs-remittances-samples-zip-wfs-remittances-samples-dhl_dhl-3.pdf_8.jpg	TRAIN
uip-24may2021_remits-zip-remits_payment-advice-note-from-04.09.2020.pdf_0.jpg	TRAIN
25may2021_wfs-remittances-samples-zip-wfs-remittances-samples-cardinal-health_cardinal-health-7.pdf_0.jpg	TRAIN
25may2021_wfs-remittances-samples-zip-wfs-remittances-samples-wright-express_wex-15.pdf_0.jpg	TRAIN
25may2021_wfs-remittances-samples-zip-wfs-remittances-samples-federal-express_federal-express-3.pdf_9.jpg	TRAIN
25may2021_wfs-remittances-samples-zip-wfs-remittances-samples-dhl_dhl-16.pdf_9.jpg	TRAIN
uip-24may2021_remits-zip-remits_share0000002159002.pdf_0.jpg	VALIDATE
uip-24may2021_remits-zip-remits_uipath001-eft000000144677-20210426.pdf_0.jpg	TRAIN
25may2021_wfs-remittances-samples-zip-wfs-remittances-samples-usa-jet-airlines-inc_usa-jet-airlines-inc-3.pdf_0.jpg	TRAIN
25may2021_wfs-remittances-samples-zip-wfs-remittances-samples-dhl_dhl-6.pdf_0.jpg	TRAIN
uip-24may2021_remits-zip-remits-eft7122021012806390009-32-zip_eft7122021012806390009-32.pdf_0.jpg	TRAIN
uip-24may2021_remits-zip-remits_payment-advice-7.pdf_0.jpg	TRAIN
25may2021_wfs-remittances-samples-zip-wfs-remittances-samples-air-transat-at-inc_air-transat-at-inc-10.pdf_1.jpg	TRAIN
25may2021_wfs-remittances-samples-zip-wfs-remittances-samples-northrop-grumman-aviation-division_northrop-grumman-aviation-division-7.pdf_0.jpg	TRAIN
uip-24may2021_remits-zip-remits_payment-advice-3108702-jn037567.pdf_0.jpg	TRAIN
25may2021_wfs-remittances-samples-zip-wfs-remittances-samples-dhl_dhl-16.pdf_8.jpg	TRAIN
25may2021_wfs-remittances-samples-zip-wfs-remittances-samples-dhl_dhl-13.pdf_0.jpg	TRAIN
25may2021_wfs-remittances-samples-zip-wfs-remittances-samples-dhl_dhl-5.pdf_4.jpg	TRAIN
uip-24may2021_remits-zip-remits_trk952709369.pdf_0.jpg	TRAIN
25may2021_wfs-remittances-samples-zip-wfs-remittances-samples-the-university-of-mississippi_the-university-of-mississippi-2.pdf_0.jpg	TRAIN
25may2021_wfs-remittances-samples-zip-wfs-remittances-samples-dhl_dhl-1.pdf_1.jpg	TRAIN
uip-24may2021_remits-zip-remits_reportdata-5_0.jpg	VALIDATE
25may2021_wfs-remittances-samples-zip-wfs-remittances-samples-dhl_dhl-16.pdf_7.jpg	VALIDATE
25may2021_wfs-remittances-samples-zip-wfs-remittances-samples-dhl_dhl-7.pdf_6.jpg	TRAIN
25may2021_wfs-remittances-samples-zip-wfs-remittances-samples-federal-express_federal-express-8.pdf_3.jpg	VALIDATE
uip-24may2021_remits-zip-remits_271-20210125-52673339-1-50-20210125-219428446.pdf_0.jpg	TRAIN
uip-24may2021_remits-zip-remits_eft7122020101510350038-11.pdf_0.jpg	VALIDATE
25may2021_wfs-remittances-samples-zip-wfs-remittances-samples-southwest-airlines_southwest-airlines-1-.pdf_3.jpg	TRAIN
25may2021_wfs-remittances-samples-zip-wfs-remittances-samples-federal-express_federal-express-4.pdf_0.jpg	TRAIN
25may2021_wfs-remittances-samples-zip-wfs-remittances-samples-turbine-engine-components-tech-corp_turbine-engine-components-tech-corp-1.pdf_0.jpg	TRAIN
25may2021_wfs-remittances-samples-zip-wfs-remittances-samples-cargolux-airlines_cargolux-airlines-4.pdf_0.jpg	TRAIN
25may2021_wfs-remittances-samples-zip-wfs-remittances-samples-dhl_dhl-14.pdf_4.jpg	TRAIN
25may2021_wfs-remittances-samples-zip-wfs-remittances-samples-epps-air-service_epps-air-service-8.pdf_0.jpg	TRAIN
uip-24may2021_remits-zip-remits_payment-advice-of-the-27.01.2021.pdf_0.jpg	TRAIN
uip-24may2021_remits-zip-remits_payment-advice-note-from-03.11.2020.pdf_0.jpg	TRAIN
25may2021_wfs-remittances-samples-zip-wfs-remittances-samples-federal-express_federal-express-3.pdf_4.jpg	TRAIN
25may2021_wfs-remittances-samples-zip-wfs-remittances-samples-southwest-airlines_southwest-airlines-17.pdf_0.jpg	VALIDATE
uip-24may2021_remits-zip-remits_payment-advice-18.pdf_0.jpg	TRAIN
25may2021_wfs-remittances-samples-zip-wfs-remittances-samples-dhl_dhl-14.pdf_3.jpg	VALIDATE
uip-24may2021_remits-zip-remits_payment1171086.pdf_1.jpg	TRAIN
25may2021_wfs-remittances-samples-zip-wfs-remittances-samples-epps-air-service_epps-air-service-6.pdf_0.jpg	VALIDATE
25may2021_wfs-remittances-samples-zip-wfs-remittances-samples-dhl_dhl-9.pdf_2.jpg	VALIDATE
25may2021_wfs-remittances-samples-zip-wfs-remittances-samples-federal-express_federal-express-5.pdf_6.jpg	VALIDATE
uip-24may2021_remits-zip-remits_remittance-advice-20-from-novigo-it-solutions.pdf_0.jpg	TRAIN
25may2021_wfs-remittances-samples-zip-wfs-remittances-samples-air-transat-at-inc_air-transat-at-inc-6.pdf_0.jpg	TRAIN
uip-24may2021_remits-zip-remits_payment-advice-from-19.08.2020-for-2042289.pdf_0.jpg	TRAIN
uip-24may2021_remits-zip-remits_payment-advice-from-hollister-inc-2.pdf_0.jpg	TRAIN
25may2021_wfs-remittances-samples-zip-wfs-remittances-samples-dhl_dhl-14.pdf_2.jpg	TRAIN
uip-24may2021_remits-zip-remits_271-20210224-53904352-3-50-20210224-224252428.pdf_0.jpg	TRAIN
25may2021_wfs-remittances-samples-zip-wfs-remittances-samples-wright-express_wex-17.pdf_0.jpg	VALIDATE
25may2021_wfs-remittances-samples-zip-wfs-remittances-samples-vermeer-manufacturing-company_vermeer-manufacturing-company-7.pdf_0.jpg	TRAIN
25may2021_wfs-remittances-samples-zip-wfs-remittances-samples-southwest-airlines_southwest-airlines-8.pdf_0.jpg	TRAIN
25may2021_wfs-remittances-samples-zip-wfs-remittances-samples-dhl_dhl-4.pdf_3.jpg	TRAIN
25may2021_wfs-remittances-samples-zip-wfs-remittances-samples-deutsche-lufthansa_deutsche-lufthansa-3.pdf_0.jpg	TRAIN
25may2021_wfs-remittances-samples-zip-wfs-remittances-samples-dhl_dhl-3.pdf_7.jpg	TRAIN
25may2021_wfs-remittances-samples-zip-wfs-remittances-samples-edelweiss-air-ag_edelweiss-air-ag-10.pdf_0.jpg	TRAIN
uip-24may2021_remits-zip-remits_sra569016.pdf_0.jpg	TRAIN
uip-24may2021_remits-zip-remits_aviso-de-pago-payment-advice.pdf_0.jpg	TRAIN
uip-24may2021_remits-zip-remits_271-20210408-55714781-3-50-20210408-231417603.pdf_0.jpg	TRAIN
uip-24may2021_remits-zip-remits_keter-plastic-payment-advice-for-80601066-02.10.20.pdf_0.jpg	TRAIN
uip-24may2021_remits-zip-remits_uipath-inc-remittancefile-20210331-140807.pdf_0.jpg	TRAIN
25may2021_wfs-remittances-samples-zip-wfs-remittances-samples-dhl_dhl-13.pdf_3.jpg	TRAIN
uip-24may2021_remits-zip-remits_1525032.pdf_0.jpg	TRAIN
25may2021_wfs-remittances-samples-zip-wfs-remittances-samples-turbine-engine-components-tech-corp_turbine-engine-components-tech-corp-6.pdf_0.jpg	TRAIN
25may2021_wfs-remittances-samples-zip-wfs-remittances-samples-cardinal-health_cardinal-health-2.pdf_0.jpg	VALIDATE
uip-24may2021_remits-zip-remits_jetblue-payment-advice-from-08182020.pdf_0.jpg	VALIDATE
25may2021_wfs-remittances-samples-zip-wfs-remittances-samples-dhl_dhl-8.pdf_1.jpg	TRAIN
25may2021_wfs-remittances-samples-zip-wfs-remittances-samples-the-university-of-mississippi_the-university-of-mississippi-3.pdf_0.jpg	TRAIN
25may2021_wfs-remittances-samples-zip-wfs-remittances-samples-southwest-airlines_southwest-airlines-3.pdf_0.jpg	VALIDATE
uip-24may2021_remits-zip-remits_payment1171713.pdf_1.jpg	TRAIN
uip-24may2021_remits-zip-remits_payment-advice-note-from-27.01.2021.pdf_0.jpg	TRAIN
25may2021_wfs-remittances-samples-zip-wfs-remittances-samples-dhl_dhl-13.pdf_1.jpg	TRAIN
25may2021_wfs-remittances-samples-zip-wfs-remittances-samples-dhl_dhl-3.pdf_2.jpg	TRAIN
uip-24may2021_remits-zip-remits_0010045418-payment-advice-doc.-0024386218.pdf_0.jpg	TRAIN
uip-24may2021_remits-zip-remits_sce-remittance-report-uipath,-inc.-1.pdf_0.jpg	VALIDATE
uip-24may2021_remits-zip-remits-eft7122020072914040057-3-zip_eft7122020072914040057-3.pdf_0.jpg	TRAIN
8sept2021_app0004737114081-08-30-2021-6254.pdf_0.jpg	TRAIN
8sept2021_app0010452583000-08-10-2021-16857.pdf_0.jpg	TRAIN