{
 "extraction": [
  {
   "name": "document-type",
   "type": "string",
   "multi_line": true,
   "split_items": false,
   "post_processing": "first_span",
   "multi_page": "highest_confidence",
   "scoring": "levenshtein",
   "hidden": false
  },
  {
   "name": "last-name",
   "type": "string",
   "multi_line": true,
   "split_items": false,
   "post_processing": "first_span",
   "multi_page": "highest_confidence",
   "scoring": "levenshtein",
   "hidden": false
  },
  {
   "name": "first-name",
   "type": "string",
   "multi_line": true,
   "split_items": false,
   "post_processing": "first_span",
   "multi_page": "highest_confidence",
   "scoring": "levenshtein",
   "hidden": false
  },
  {
   "name": "birth-place",
   "type": "string",
   "multi_line": false,
   "split_items": false,
   "post_processing": "first_span",
   "multi_page": "highest_confidence",
   "scoring": "levenshtein",
   "hidden": false
  },
  {
   "name": "birth-date",
   "type": "date",
   "multi_line": false,
   "split_items": false,
   "post_processing": "first_span",
   "multi_page": "first_occurrence",
   "scoring": "exact_match",
   "hidden": false
  },
  {
   "name": "sex",
   "type": "string",
   "multi_line": false,
   "split_items": false,
   "post_processing": "first_span",
   "multi_page": "highest_confidence",
   "scoring": "levenshtein",
   "hidden": false
  },
  {
   "name": "nationality",
   "type": "string",
   "multi_line": false,
   "split_items": false,
   "post_processing": "first_span",
   "multi_page": "highest_confidence",
   "scoring": "levenshtein",
   "hidden": false
  },
  {
   "name": "id-no",
   "type": "id-no",
   "multi_line": false,
   "split_items": false,
   "post_processing": "first_span",
   "multi_page": "first_occurrence",
   "scoring": "exact_match",
   "hidden": false
  },
  {
   "name": "issued-date",
   "type": "date",
   "multi_line": false,
   "split_items": false,
   "post_processing": "first_span",
   "multi_page": "first_occurrence",
   "scoring": "exact_match",
   "hidden": false
  },
  {
   "name": "expiration-date",
   "type": "date",
   "multi_line": false,
   "split_items": false,
   "post_processing": "first_span",
   "multi_page": "first_occurrence",
   "scoring": "exact_match",
   "hidden": false
  },
  {
   "name": "issued-place",
   "type": "string",
   "multi_line": false,
   "split_items": false,
   "post_processing": "first_span",
   "multi_page": "highest_confidence",
   "scoring": "levenshtein",
   "hidden": false
  },
  {
   "name": "authority",
   "type": "string",
   "multi_line": false,
   "split_items": false,
   "post_processing": "first_span",
   "multi_page": "highest_confidence",
   "scoring": "levenshtein",
   "hidden": false
  },
  {
   "name": "id-no2",
   "type": "string",
   "multi_line": false,
   "split_items": false,
   "post_processing": "first_span",
   "multi_page": "highest_confidence",
   "scoring": "levenshtein",
   "hidden": false
  },
  {
   "name": "mrz",
   "type": "string",
   "multi_line": true,
   "split_items": false,
   "post_processing": "first_span",
   "multi_page": "highest_confidence",
   "scoring": "levenshtein",
   "hidden": false
  },
  {
   "name": "address",
   "type": "string",
   "multi_line": true,
   "split_items": false,
   "post_processing": "first_span",
   "multi_page": "highest_confidence",
   "scoring": "levenshtein",
   "hidden": false
  },
  {
   "name": "state",
   "type": "string",
   "multi_line": true,
   "split_items": false,
   "post_processing": "first_span",
   "multi_page": "highest_confidence",
   "scoring": "levenshtein",
   "hidden": false
  }
 ],
 "classification": {

 }
}