files	subset
3mar2021_oh7.jpg	TRAIN
3mar2021_sc3.jpg	TRAIN
3mar2021_tenn6.jpg	TRAIN
4feb2021_belgia5.jpg	VALIDATE
3mar2021_oh2.jpg	TRAIN
3mar2021_virginia2.jpg	TRAIN
4feb2021_hung4.jpg	TRAIN
4feb2021_poland15.jpg	TRAIN
3mar2021_washington3.jpg	TRAIN
4feb2021_swiss1.jpg	TRAIN
4feb2021_cyprus5.jpg	TRAIN
3mar2021_sc6.jpg.jpg	TRAIN
3mar2021_washington8.jpg	TRAIN
4feb2021_hung17.jpg	VALIDATE
3mar2021_nev2.jpg	VALIDATE
3mar2021_costin).jpg	TRAIN
3mar2021_flo2.jpg.jpg	TRAIN
4feb2021_uae3.jpg	TRAIN
3mar2021_cali2.jpg	TRAIN
4feb2021_04-residence-card-front.jpg	VALIDATE
4feb2021_camscanner-01-28-2021-12.44.pdf_0.jpg	VALIDATE
4feb2021_poland13.jpg	TRAIN
3mar2021_dc2.jpg	TRAIN
4feb2021_minoh-kang-driver-license-front.jpg	TRAIN
4feb2021_ci-devant.jpg	TRAIN
3mar2021_kans5.jpg.jpg	TRAIN
3mar2021_nev7.jpg.jpg	TRAIN
3mar2021_france1.jpg	TRAIN
4feb2021_poland4.jpg	TRAIN
3mar2021_geo4.jpg	TRAIN
3mar2021_maine7.jpg	TRAIN
4feb2021_aadharpage1.pdf_0.jpg	VALIDATE
3mar2021_iowa3.jpg	TRAIN
3mar2021_mich3.jpg.jpg	TRAIN
4feb2021_camscanner-01-28-2021-12.45.pdf_0.jpg	VALIDATE
3mar2021_ut3.jpg	VALIDATE
3mar2021_virginia1.jpg.jpg	TRAIN
3mar2021_drivers-license-back.jpeg	TRAIN
4feb2021_hk7.jpg	TRAIN
3mar2021_flo3.jpg	TRAIN
4feb2021_neth8.jpg	TRAIN
4feb2021_croatia8.jpg	TRAIN
4feb2021_uk10.jpg	TRAIN
4feb2021_cabuz-ids2.pdf_1.jpg	TRAIN
3mar2021_nj4.jpg	TRAIN
3mar2021_wisc1.jpg	VALIDATE
3mar2021_haw2.jpg	TRAIN
4feb2021_spain9.jpg	TRAIN
23feb2021_4feb2021-24-02-2019-cni-aymeric-poignon.pdf-0.jpg	TRAIN
4feb2021_aadhaar-(front).pdf_0.jpg	TRAIN
3mar2021_ill9.jpg.jpg	TRAIN
4feb2021_hk8.jpg	VALIDATE
3mar2021_alabama3.jpg	TRAIN
3mar2021_mass4.jpg	VALIDATE
3mar2021_alaska5.jpg	VALIDATE
3mar2021_mass5.jpg	VALIDATE
3mar2021_michael-tatti-drivers-licence-1-feb-21.jpg	TRAIN
4feb2021_hk3.jpg	TRAIN
3mar2021_tenn2.jpg	TRAIN
4feb2021_belgia4.jpg	TRAIN
4feb2021_croatia6.jpg	VALIDATE
3mar2021_ok3.jpg	VALIDATE
3mar2021_ill1.jpg	TRAIN
hk_hkid-9.jpeg	TRAIN
3mar2021_minn6.jpg	TRAIN
4feb2021_cyprus4.jpg	VALIDATE
3mar2021_mr8.jpg	TRAIN
25feb2021_4feb2021-pancard.jpg	TRAIN
3mar2021_nd3.jpg	TRAIN
3mar2021_ri6.jpg	TRAIN
4feb2021_canada13.jpg	TRAIN
3mar2021_missouri2.jpg	TRAIN
3mar2021_saudi3.jpg	TRAIN
3mar2021_sc10.jpg	TRAIN
4feb2021_ci-dos-1.jpg	VALIDATE
3mar2021_nev3.jpg	TRAIN
4feb2021_swiss6.jpg	VALIDATE
3mar2021_ri1.jpg	TRAIN
4feb2021_finland2.jpg	TRAIN
3mar2021_idaho2.jpg	TRAIN
4feb2021_hung12.jpg	TRAIN
3mar2021_ny4.jpg	TRAIN
3mar2021_miss2.jpg	VALIDATE
3mar2021_ind5.jpg	TRAIN
3mar2021_nc7.jpg	TRAIN
3mar2021_24-02-2019-cni-aymeric-poignon.pdf_1.jpg	VALIDATE
3mar2021_miss3.jpg	TRAIN
4feb2021_cyprus6.jpg	TRAIN
3mar2021_mr4.jpg	VALIDATE
3mar2021_neb5.jpg	TRAIN
3mar2021_penn3.jpg	TRAIN
4feb2021_uk7.jpg	TRAIN
4feb2021_canada2.jpeg	TRAIN
4feb2021_hung9.jpg	TRAIN
4feb2021_neth3.jpg	TRAIN
3mar2021_ri2.jpg	TRAIN
4feb2021_neth4.jpg	VALIDATE
4feb2021_uk2.jpg	TRAIN
3mar2021_vt2.jpg	TRAIN
3mar2021_washington10.jpg	TRAIN
3mar2021_maine2.jpg	TRAIN
4feb2021_croatia.jpg	TRAIN
3mar2021_costin2.jpg	TRAIN
3mar2021_nc3.jpg	VALIDATE
3mar2021_cali6.jpg	TRAIN
3mar2021_nh4.jpg	VALIDATE
3mar2021_lou1.jpg	TRAIN
3mar2021_arizona7.jpg	TRAIN
3mar2021_france2.jpg	TRAIN
4feb2021_poland5.jpg	TRAIN
3mar2021_ill5.jpg	TRAIN
3mar2021_mont1.jpg	TRAIN
hk_hkid-7.jpg	TRAIN
3mar2021_lou5.jpg	TRAIN
4feb2021_aadhaar-card.jpg	TRAIN
3mar2021_geo8.jpg.jpg	TRAIN
3mar2021_missouri4.jpg	TRAIN
4feb2021_spain4.jpg	TRAIN
3mar2021_sc7.jpg	TRAIN
4feb2021_poland21.jpg	VALIDATE
3mar2021_iowa8.jpg	TRAIN
3mar2021_minn2.jpg	TRAIN
3mar2021_oh6.jpg	TRAIN
3mar2021_nm1.jpg	TRAIN
hk_hkid-4.jpg	TRAIN
4feb2021_chile2.jpg	TRAIN
4feb2021_zrdzdrf.jpg	TRAIN
3mar2021_washington1.jpg	TRAIN
3mar2021_tex3.jpg	TRAIN
4feb2021_germany1.jpg	TRAIN
3mar2021_delaware2.jpg	TRAIN
4feb2021_hung13.jpg	TRAIN
4feb2021_image-from-ios-(3).jpg	TRAIN
3mar2021_kent1.jpg	TRAIN
4feb2021_michael-tatti-drivers-licence-1-feb-21.jpg	TRAIN
3mar2021_conn1.jpg	VALIDATE
3mar2021_dc1.jpg	VALIDATE
4feb2021_hung5.jpg	TRAIN
3mar2021_colorado1.jpg	TRAIN
3mar2021_conn2.jpg	VALIDATE
4feb2021_romania1.jpg	TRAIN
3mar2021_kans6.jpg	TRAIN
3mar2021_kent2.jpg	TRAIN
25feb2021_aadhaar-raghav-maria-1-back.jpg	TRAIN
3mar2021_tenn7.jpg	VALIDATE
4feb2021_drivers-license-front.jpeg	TRAIN
4feb2021_poland10.jpg	TRAIN
3mar2021_maine3.jpg	TRAIN
3mar2021_ut2.jpg	TRAIN
3mar2021_virginia3.png.jpg	TRAIN
hk_hkid-1.jpg	TRAIN
4feb2021_belgia7.jpg	TRAIN
3mar2021_ill3.jpg.jpg	TRAIN
3mar2021_cali3.jpg	TRAIN
3mar2021_ind4.jpg	VALIDATE
3mar2021_neb4.jpg	TRAIN
3mar2021_nj6.png.jpg	TRAIN
3mar2021_mich4.jpg	TRAIN
4feb2021_aadhar.pdf_0.jpg	TRAIN
4feb2021_cyprus7.jpg	TRAIN
4feb2021_hk6.jpg	TRAIN
3mar2021_nj3.jpg	TRAIN
hk_hkid-10.jpeg	TRAIN
4feb2021_24-02-2019-cni-aymeric-poignon.pdf_1.jpg	TRAIN
4feb2021_spain5.jpg	TRAIN
3mar2021_iowa4.jpg	TRAIN
3mar2021_nj7.png.jpg	TRAIN
4feb2021_canada7.jpg	VALIDATE
3mar2021_tex7.jpg	VALIDATE
4feb2021_sweden4.jpg	TRAIN
4feb2021_chile3.jpg	VALIDATE
4feb2021_finland6.jpg	TRAIN
24feb2021_4feb2021-pan-card.pdf-0rotated.jpg	TRAIN
4feb2021_hk2.jpg	TRAIN
4feb2021_poland6.jpg	TRAIN
andu_uk-driving.jpg	TEST
3mar2021_cali5.png.jpg	TRAIN
3mar2021_france3.jpg	TRAIN
3mar2021_lou4.jpg	TRAIN
3mar2021_ny7.jpg	VALIDATE
3mar2021_ok2.jpg	TRAIN
4feb2021_croatia3.jpg	TRAIN
3mar2021_ny2.jpg	TRAIN
3mar2021_wisc2.jpg	VALIDATE
4feb2021_pwoej.jpg	VALIDATE
3mar2021_mr7.jpg	TRAIN
4feb2021_cni-recto.jpg	VALIDATE
3mar2021_nd2.jpg	TRAIN
3mar2021_alb1.jpg	TRAIN
3mar2021_mass6.jpg	TRAIN
3mar2021_nev6.jpg	TRAIN
4feb2021_finland4.jpg	TRAIN
3mar2021_mr2.jpg	TRAIN
4feb2021_swiss2.jpg	TRAIN
3mar2021_kans2.jpg	VALIDATE
4feb2021_canada10.jpg	TRAIN
3mar2021_ri5.jpg	TRAIN
3mar2021_ny3.jpg	TRAIN
3mar2021_tenn3.jpg	TRAIN
4feb2021_hung18.jpg	TRAIN
3mar2021_tex2.jpg	TRAIN
3mar2021_minn7.jpg	TRAIN
3mar2021_maine4.jpg	TRAIN
3mar2021_nc6.jpg	TRAIN
3mar2021_vt1.jpg	TRAIN
3mar2021_nm8.jpg	TRAIN
3mar2021_mr3.jpg	TRAIN
3mar2021_nc1.jpg	TRAIN
4feb2021_uk6.jpg	VALIDATE
3mar2021_kans1.jpg	TRAIN
4feb2021_belgia6.jpg	VALIDATE
alessandro_italy01.jpg	TRAIN
4feb2021_belgia.jpg	VALIDATE
4feb2021_finland.jpg	TRAIN
4feb2021_uk1.jpg	TRAIN
3mar2021_ill4.jpg.jpg	TRAIN
3mar2021_missouri1.jpg	TRAIN
4feb2021_ep-sean-dunphy-(2017).pdf_0.jpg	TRAIN
3mar2021_nc2.jpg	TRAIN
3mar2021_finland3.jpg	TRAIN
4feb2021_cyprus.jpg	TRAIN
3mar2021_miss4.jpg	TRAIN
3mar2021_nh3.jpg	TRAIN
3mar2021_haw6.jpg	TRAIN
4feb2021_uae2.jpg	TRAIN
3mar2021_conn6.jpg	TRAIN
3mar2021_nm4.jpg	TRAIN
3mar2021_nev1.jpg	TRAIN
4feb2021_germany5.jpg	TRAIN
4feb2021_canada6.jpg	VALIDATE
3mar2021_arizona4.jpg	TRAIN
3mar2021_arkansas1.jpg	TRAIN
4feb2021_körkort.jpg	TRAIN
3mar2021_minoh-kang-driver-license-back.jpg	TRAIN
4feb2021_sweden3.jpg	VALIDATE
3mar2021_nc5.jpg.jpg	VALIDATE
3mar2021_geo3.jpg	TRAIN
4feb2021_australia1.jpg	TRAIN
4feb2021_cyprus8.jpg	TRAIN
4feb2021_poland19.jpg	TRAIN
3mar2021_cali7.jpg	TRAIN
3mar2021_nh2.png.jpg	TRAIN
3mar2021_oh5.jpg	TRAIN
3mar2021_mont2.jpg	TRAIN
3mar2021_uk-front.jpg	TRAIN
3mar2021_washington11.jpg	VALIDATE
4feb2021_germany3.jpg	TRAIN
3mar2021_arizona2.jpg	TRAIN
3mar2021_washington4.jpg	TRAIN
4feb2021_sweden5.jpg	TRAIN
3mar2021_mass1.jpg.jpg	TRAIN
4feb2021_hung.jpg	TRAIN
4feb2021_image-from-ios-(12).jpg	TRAIN
4feb2021_poland17.jpg	VALIDATE
4feb2021_poland7.jpg	TRAIN
3mar2021_france4.jpg	TRAIN
3mar2021_ill8.jpg.jpg	VALIDATE
3mar2021_minn3.jpg	TRAIN
3mar2021_mont3.jpg.jpg	TRAIN
3mar2021_oh1.jpg	TRAIN
3mar2021_saudi4.jpg	TRAIN
3mar2021_sc2.jpg	TRAIN
3mar2021_voloh.jpg	VALIDATE
3mar2021_haw1.jpg	VALIDATE
hk_hkid-6.jpg	VALIDATE
3mar2021_idaho3.jpg	TRAIN
4feb2021_croatia9.jpg	TRAIN
3mar2021_ind7.jpg	TRAIN
4feb2021_aadharpage2.pdf_0.jpg	TRAIN
4feb2021_hun15.jpg	TRAIN
4feb2021_wevkneakr.jpg	TRAIN
4feb2021_poland9.jpg	VALIDATE
3mar2021_penn1.jpg	TRAIN
3mar2021_delaware1.jpg	TRAIN
3mar2021_geo7.jpg	VALIDATE
3mar2021_kent3.jpg	TRAIN
4feb2021_hung6.jpg	TRAIN
3mar2021_conn3.jpg	TRAIN
3mar2021_tex1.jpg	VALIDATE
4feb2021_hk5.jpg	TRAIN
4feb2021_hung7.jpg	TRAIN
4feb2021_neth1.jpg	VALIDATE
4feb2021_croatia7.jpg	TRAIN
3mar2021_camscanner-01-28-2021-12.45.pdf_0.jpg	TRAIN
3mar2021_nj2.jpg	TRAIN
4feb2021_spain1.jpg	TRAIN
3mar2021_flo6.jpg	VALIDATE
25feb2021_aadhaar-raghav-maria-1.jpg	TRAIN
3mar2021_ok5.jpg	VALIDATE
3mar2021_ut1.jpg	VALIDATE
3mar2021_cali4.jpg	TRAIN
hk_hkid-3.jpg	TRAIN
3mar2021_nd5.jpg	TRAIN
4feb2021_canada14.jpg	TRAIN
4feb2021_spain10.jpg	VALIDATE
3mar2021_alabama2.jpg	TRAIN
3mar2021_haw5.jpg	TRAIN
3mar2021_lou7.jpg	TRAIN
4feb2021_hk1.jpg	TRAIN
3mar2021_mich5.jpg	VALIDATE
3mar2021_neb2.jpg	TRAIN
4feb2021_croatia5.jpg	VALIDATE
4feb2021_swiss4.jpg	TRAIN
3mar2021_conn5.png.jpg	VALIDATE
4feb2021_hung10.jpg	VALIDATE
4feb2021_cyprus1.jpg	TRAIN
4feb2021_rșknve.jpg	TRAIN
3mar2021_geo2.jpg	TRAIN
3mar2021_iowa5.jpg	TRAIN
3mar2021_iowa6.jpg	TRAIN
3mar2021_mr6.jpg	TRAIN
4feb2021_drivers-front.jpg	TRAIN
3mar2021_nd1.jpg	VALIDATE
4feb2021_cyprus9.jpg	VALIDATE
4feb2021_minoh-kang-driver-license-back.jpg	VALIDATE
4feb2021_download.jpg	VALIDATE
3mar2021_mr1.jpg	TRAIN
3mar2021_nj1.png.jpg	TRAIN
4feb2021_cni-verso.jpg	VALIDATE
3mar2021_delaware3.jpg	TRAIN
3mar2021_idaho4.jpg	TRAIN
4feb2021_finland1.jpg	TRAIN
4feb2021_hung14.jpg	TRAIN
3mar2021_aadhaar-(back).pdf_0.jpg	TRAIN
4feb2021_canada9.jpg	TRAIN
3mar2021_ny1.jpg	TRAIN
3mar2021_ny6.jpg	TRAIN
3mar2021_ok1.jpg	TRAIN
3mar2021_ri4.jpg	TRAIN
3mar2021_nm7.jpg	TRAIN
4feb2021_sweden6.jpg	TRAIN
4feb2021_italy1.jpg	TRAIN
3mar2021_tenn4.jpg	TRAIN
3mar2021_alaska1.png.jpg	TRAIN
4feb2021_hung2.jpg	TRAIN
4feb2021_uk5.jpg	VALIDATE
4feb2021_poland8.jpg	VALIDATE
3mar2021_kans3.jpg	TRAIN
3mar2021_ny5.jpg.jpg	TRAIN
3mar2021_tex5.png.jpg	TRAIN
3mar2021_ut5.jpg.jpg	TRAIN
3mar2021_vt4.jpg	TRAIN
3mar2021_wisc3.jpg	VALIDATE
4feb2021_cabuz-ids2.pdf_2.jpg	TRAIN
3mar2021_minn8.jpg	TRAIN
3mar2021_mr5.jpg.jpg	TRAIN
4feb2021_spain2.jpg	TRAIN
3mar2021_sc9.jpg	TRAIN
3mar2021_flo1.jpg	TRAIN
3mar2021_geo10.jpg	TRAIN
3mar2021_nm3.jpg	TRAIN
3mar2021_arizona6.jpg	VALIDATE
3mar2021_3mar2021-pancard-1.pdf-0.jpg	TRAIN
3mar2021_3mar2021-pan-card.pdf-0.jpg	TRAIN
3mar2021_mich1.jpg	TRAIN
3mar2021_dl-raghav.pdf_0.jpg	TRAIN
3mar2021_geo6.jpg	TRAIN
3mar2021_image-from-ios-(2).jpg	TRAIN
4feb2021_cabuz-ids2.pdf_0.jpg	TRAIN
4feb2021_national-id-anastasia.pdf_1.jpg	TRAIN
4feb2021_spain6.jpg	TRAIN
3mar2021_iowa1.jpg	TRAIN
3mar2021_sc5.jpg	TRAIN
4feb2021_poland20.jpg	VALIDATE
3mar2021_miss5.jpg	TRAIN
3mar2021_oh4.jpg	TRAIN
3mar2021_flo5.jpg	TRAIN
3mar2021_ind3.jpg	TRAIN
3mar2021_neb3.jpg	TRAIN
4feb2021_poland16.jpg	TRAIN
3mar2021_washington2.jpg	TRAIN
4feb2021_neth6.jpg	TRAIN
3mar2021_washington7.jpg	TRAIN
3mar2021_haw4.jpg	TRAIN
3mar2021_3mar2021-24-02-2019-cni-aymeric-poignon.pdf-0.jpg	TRAIN
4feb2021_hung15.jpg	TRAIN
25feb2021_pan-raghav-maria-1.jpg	TRAIN
3mar2021_cali8.jpg	TRAIN
4feb2021_australia2.jpg	TRAIN
3mar2021_sc1.jpg	TRAIN
3mar2021_mass2.jpg	VALIDATE
3mar2021_tex6.jpg	TRAIN
4feb2021_canada8.jpg	TRAIN
4feb2021_italy2.jpg	TRAIN
4feb2021_poland14.jpg	TRAIN
4feb2021_swiss3.jpg	TRAIN
3mar2021_mont4.jpg	VALIDATE
3mar2021_washington9.jpg	TRAIN
4feb2021_hung19.jpg	TRAIN
3mar2021_lou3.jpg	TRAIN
3mar2021_oh3.jpg.jpg	TRAIN
3mar2021_maine5.jpg	VALIDATE
3mar2021_minn4.jpg	VALIDATE
3mar2021_oregon1.jpg	TRAIN
3mar2021_missouri3.jpg	VALIDATE
3mar2021_washington12.jpg	TRAIN
3mar2021_nev5.jpg	VALIDATE
4feb2021_image-from-ios-(1).jpg	TRAIN
4feb2021_poland12.jpg	TRAIN
4feb2021_finland7.jpg	TRAIN
4feb2021_poland1.jpg	VALIDATE
4feb2021_chile1.jpg	TRAIN
3mar2021_alabama1.jpg	VALIDATE
4feb2021_aadhaar-(back).pdf_0.jpg	TRAIN
3mar2021_camscanner-01-28-2021-12.44.pdf_0.jpg	TRAIN
3mar2021_oregon3.jpg	TRAIN
3mar2021_ok4.jpg	TRAIN
4feb2021_spain7.jpg	TRAIN
4feb2021_croatia4.jpg	VALIDATE
3mar2021_miss1.jpg	VALIDATE
3mar2021_penn2.jpg	TRAIN
3mar2021_nd4.jpg	TRAIN
3mar2021_ri7.jpg	TRAIN
3mar2021_arkansas2.jpg	TRAIN
3mar2021_conn4.jpg	TRAIN
4feb2021_finland5.jpg	TRAIN
4feb2021_hung8.jpg	VALIDATE
4feb2021_poland3.jpg	TRAIN
3mar2021_uk-front-2.jpg	VALIDATE
4feb2021_canada11.jpg	TRAIN
3mar2021_geo5.jpg	TRAIN
3mar2021_vt3.jpg	TRAIN
3mar2021_idaho6.jpg	TRAIN
3mar2021_ill7.jpg	TRAIN
3mar2021_kent4.jpg.jpg	TRAIN
4feb2021_croatia2.jpg	TRAIN
3mar2021_nc8.jpg	TRAIN
4feb2021_image-from-ios-(2).jpg	TRAIN
4feb2021_uk8.jpg	TRAIN
4feb2021_italy3.jpg	TRAIN
3mar2021_aadhaar-(front).pdf_0.jpg	TRAIN
3mar2021_flo4.jpg	TRAIN
3mar2021_ind2.jpg	VALIDATE
3mar2021_mich6.jpg	VALIDATE
3mar2021_ri3.jpg	TRAIN
3mar2021_haw3.jpg	TRAIN
andu_uk-id-(1).jpg	TEST
3mar2021_maine6.jpg	TRAIN
3mar2021_nc4.jpg	TRAIN
3mar2021_alaska4.jpg	VALIDATE
3mar2021_iowa7.jpg	TRAIN
3mar2021_nh5.jpg	VALIDATE
4feb2021_belgia3.jpg	TRAIN
3mar2021_nm6.jpg	TRAIN
4feb2021_uk4.jpg	TRAIN
3mar2021_arizona5.jpg	TRAIN
3mar2021_wisc4.jpg	TRAIN
3mar2021_ill2.jpg	TRAIN
3mar2021_minn1.jpg.jpg	VALIDATE
4feb2021_cyprus3.jpg	TRAIN
3mar2021_sc8.jpg	VALIDATE
3mar2021_lou2.jpg	TRAIN
4feb2021_spain8.jpg	VALIDATE
3mar2021_colorado2.jpg	VALIDATE
3mar2021_nh1.jpg	VALIDATE
3mar2021_nm2.jpg	TRAIN
3mar2021_oregon2.jpg	TRAIN
3mar2021_tenn5.jpg	VALIDATE
4feb2021_hung3.jpg	TRAIN
3mar2021_virginia4.png.jpg	TRAIN
3mar2021_nev4.jpg	TRAIN
3mar2021_kans4.jpg	TRAIN
3mar2021_arizona3.jpg	TRAIN
4feb2021_dtyjtrsh.jpg	TRAIN
4feb2021_national-id-anastasia.pdf_0.jpg	TRAIN
4feb2021_141031-permis-de-conduire-aymeric.pdf_0.jpg	TRAIN
3mar2021_ind6.jpg	TRAIN
3mar2021_nm5.jpg.jpg	TRAIN
4feb2021_poland2.jpg	TRAIN
3mar2021_oh8.jpg	TRAIN
3mar2021_sc4.jpg	VALIDATE
4feb2021_poland18.jpg	VALIDATE
3mar2021_cali1.jpg	TRAIN
3mar2021_oregon4.jpg	TRAIN
3mar2021_mich2.jpg	TRAIN
4feb2021_germany2.jpg	TRAIN
3mar2021_arizona1.jpg	VALIDATE
4feb2021_swiss5.jpg	TRAIN
3mar2021_washington5.jpg	TRAIN
4feb2021_hung11.jpg	TRAIN
3mar2021_idaho1.jpg	VALIDATE
3mar2021_iowa2.jpg	TRAIN
3mar2021_miss6.jpg	VALIDATE
3mar2021_ill6.jpg	TRAIN
4feb2021_romania2.jpg	TRAIN
3mar2021_lou6.jpg	TRAIN
3mar2021_alaska3.jpg	TRAIN
4feb2021_neth7.jpg	TRAIN
4feb2021_01-driver-license-front.jpg	TRAIN
4feb2021_spain11.jpg	TRAIN
4feb2021_poland11.jpg	TRAIN
4feb2021_belgia2.jpg	TRAIN
23feb2021_4feb2021-141031-permis-de-conduire-aymeric.pdf-1.jpg	TRAIN
3mar2021_idaho5.jpg	TRAIN
3mar2021_ind1.jpg	TRAIN
3mar2021_alaska-2.jpg	VALIDATE
3mar2021_maine1.jpg	TRAIN
3mar2021_geo1.jpg	VALIDATE
4feb2021_ukraina5.jpg	TRAIN
3mar2021_mass3.jpg	TRAIN
3mar2021_neb1.jpg	TRAIN
3mar2021_ut4.jpg	TRAIN
3mar2021_image-from-ios-(12).jpg	TRAIN
3mar2021_nev8.png.jpg	TRAIN
3mar2021_tex4.jpg	TRAIN
3mar2021_nj5.jpg	TRAIN
3mar2021_tenn1.jpg	TRAIN
4feb2021_spain3.jpg	VALIDATE
3mar2021_minn5.jpg	TRAIN
4feb2021_serșknier.jpg	TRAIN
4feb2021_ukraina3.jpg	TRAIN
4feb2021_hk9.jpg	TRAIN