<?xml version="1.0" encoding="utf-8"?>
<helpItems schema="maml" xmlns="http://msh">
  <command:command xmlns:maml="http://schemas.microsoft.com/maml/2004/10" xmlns:command="http://schemas.microsoft.com/maml/dev/command/2004/10" xmlns:dev="http://schemas.microsoft.com/maml/dev/2004/10" xmlns:MSHelp="http://msdn.microsoft.com/mshelp">
    <command:details>
      <command:name>Get-AzureRmBillingInvoice</command:name>
      <command:verb>Get</command:verb>
      <command:noun>AzureRmBillingInvoice</command:noun>
      <maml:description>
        <maml:para>Get billing invoices of the subscription.</maml:para>
      </maml:description>
    </command:details>
    <maml:description>
      <maml:para>The Get-AzureRmBillingInvoice cmdlet gets billing invoices of the subscription.</maml:para>
    </maml:description>
    <command:syntax>
      <command:syntaxItem>
        <maml:name>Get-AzureRmBillingInvoice</maml:name>
        <command:parameter required="false" variableLength="true" globbing="false" pipelineInput="False" position="named" aliases="AzureRmContext, AzureCredential">
          <maml:name>DefaultProfile</maml:name>
          <maml:Description>
            <maml:para>The credentials, account, tenant, and subscription used for communication with azure</maml:para>
          </maml:Description>
          <command:parameterValue required="true" variableLength="false">Microsoft.Azure.Commands.Common.Authentication.Abstractions.IAzureContextContainer</command:parameterValue>
          <dev:type>
            <maml:name>Microsoft.Azure.Commands.Common.Authentication.Abstractions.IAzureContextContainer</maml:name>
            <maml:uri />
          </dev:type>
          <dev:defaultValue>None</dev:defaultValue>
        </command:parameter>
        <command:parameter required="false" variableLength="true" globbing="false" pipelineInput="False" position="named" aliases="none">
          <maml:name>GenerateDownloadUrl</maml:name>
          <maml:Description>
            <maml:para>Generate the download url of the invoices.</maml:para>
          </maml:Description>
          <command:parameterValue required="true" variableLength="false">System.Management.Automation.SwitchParameter</command:parameterValue>
          <dev:type>
            <maml:name>System.Management.Automation.SwitchParameter</maml:name>
            <maml:uri />
          </dev:type>
          <dev:defaultValue>None</dev:defaultValue>
        </command:parameter>
        <command:parameter required="false" variableLength="true" globbing="false" pipelineInput="False" position="named" aliases="none">
          <maml:name>MaxCount</maml:name>
          <maml:Description>
            <maml:para>Determines the maximum number of records to return.</maml:para>
          </maml:Description>
          <command:parameterValue required="true" variableLength="false">System.Nullable`1[System.Int32]</command:parameterValue>
          <dev:type>
            <maml:name>System.Nullable`1[System.Int32]</maml:name>
            <maml:uri />
          </dev:type>
          <dev:defaultValue>None</dev:defaultValue>
        </command:parameter>
      </command:syntaxItem>
      <command:syntaxItem>
        <maml:name>Get-AzureRmBillingInvoice</maml:name>
        <command:parameter required="false" variableLength="true" globbing="false" pipelineInput="False" position="named" aliases="AzureRmContext, AzureCredential">
          <maml:name>DefaultProfile</maml:name>
          <maml:Description>
            <maml:para>The credentials, account, tenant, and subscription used for communication with azure</maml:para>
          </maml:Description>
          <command:parameterValue required="true" variableLength="false">Microsoft.Azure.Commands.Common.Authentication.Abstractions.IAzureContextContainer</command:parameterValue>
          <dev:type>
            <maml:name>Microsoft.Azure.Commands.Common.Authentication.Abstractions.IAzureContextContainer</maml:name>
            <maml:uri />
          </dev:type>
          <dev:defaultValue>None</dev:defaultValue>
        </command:parameter>
        <command:parameter required="true" variableLength="true" globbing="false" pipelineInput="False" position="named" aliases="none">
          <maml:name>Latest</maml:name>
          <maml:Description>
            <maml:para>Get the latest invoice.</maml:para>
          </maml:Description>
          <command:parameterValue required="true" variableLength="false">System.Management.Automation.SwitchParameter</command:parameterValue>
          <dev:type>
            <maml:name>System.Management.Automation.SwitchParameter</maml:name>
            <maml:uri />
          </dev:type>
          <dev:defaultValue>None</dev:defaultValue>
        </command:parameter>
      </command:syntaxItem>
      <command:syntaxItem>
        <maml:name>Get-AzureRmBillingInvoice</maml:name>
        <command:parameter required="false" variableLength="true" globbing="false" pipelineInput="False" position="named" aliases="AzureRmContext, AzureCredential">
          <maml:name>DefaultProfile</maml:name>
          <maml:Description>
            <maml:para>The credentials, account, tenant, and subscription used for communication with azure</maml:para>
          </maml:Description>
          <command:parameterValue required="true" variableLength="false">Microsoft.Azure.Commands.Common.Authentication.Abstractions.IAzureContextContainer</command:parameterValue>
          <dev:type>
            <maml:name>Microsoft.Azure.Commands.Common.Authentication.Abstractions.IAzureContextContainer</maml:name>
            <maml:uri />
          </dev:type>
          <dev:defaultValue>None</dev:defaultValue>
        </command:parameter>
        <command:parameter required="true" variableLength="true" globbing="false" pipelineInput="False" position="named" aliases="none">
          <maml:name>Name</maml:name>
          <maml:Description>
            <maml:para>Name of a specific invoice to get or the most recent if not specified.</maml:para>
          </maml:Description>
          <command:parameterValue required="true" variableLength="false">System.Collections.Generic.List`1[System.String]</command:parameterValue>
          <dev:type>
            <maml:name>System.Collections.Generic.List`1[System.String]</maml:name>
            <maml:uri />
          </dev:type>
          <dev:defaultValue>None</dev:defaultValue>
        </command:parameter>
      </command:syntaxItem>
    </command:syntax>
    <command:parameters>
      <command:parameter required="false" variableLength="true" globbing="false" pipelineInput="False" position="named" aliases="AzureRmContext, AzureCredential">
        <maml:name>DefaultProfile</maml:name>
        <maml:Description>
          <maml:para>The credentials, account, tenant, and subscription used for communication with azure</maml:para>
        </maml:Description>
        <command:parameterValue required="true" variableLength="false">Microsoft.Azure.Commands.Common.Authentication.Abstractions.IAzureContextContainer</command:parameterValue>
        <dev:type>
          <maml:name>Microsoft.Azure.Commands.Common.Authentication.Abstractions.IAzureContextContainer</maml:name>
          <maml:uri />
        </dev:type>
        <dev:defaultValue>None</dev:defaultValue>
      </command:parameter>
      <command:parameter required="false" variableLength="true" globbing="false" pipelineInput="False" position="named" aliases="none">
        <maml:name>GenerateDownloadUrl</maml:name>
        <maml:Description>
          <maml:para>Generate the download url of the invoices.</maml:para>
        </maml:Description>
        <command:parameterValue required="true" variableLength="false">System.Management.Automation.SwitchParameter</command:parameterValue>
        <dev:type>
          <maml:name>System.Management.Automation.SwitchParameter</maml:name>
          <maml:uri />
        </dev:type>
        <dev:defaultValue>None</dev:defaultValue>
      </command:parameter>
      <command:parameter required="true" variableLength="true" globbing="false" pipelineInput="False" position="named" aliases="none">
        <maml:name>Latest</maml:name>
        <maml:Description>
          <maml:para>Get the latest invoice.</maml:para>
        </maml:Description>
        <command:parameterValue required="true" variableLength="false">System.Management.Automation.SwitchParameter</command:parameterValue>
        <dev:type>
          <maml:name>System.Management.Automation.SwitchParameter</maml:name>
          <maml:uri />
        </dev:type>
        <dev:defaultValue>None</dev:defaultValue>
      </command:parameter>
      <command:parameter required="false" variableLength="true" globbing="false" pipelineInput="False" position="named" aliases="none">
        <maml:name>MaxCount</maml:name>
        <maml:Description>
          <maml:para>Determines the maximum number of records to return.</maml:para>
        </maml:Description>
        <command:parameterValue required="true" variableLength="false">System.Nullable`1[System.Int32]</command:parameterValue>
        <dev:type>
          <maml:name>System.Nullable`1[System.Int32]</maml:name>
          <maml:uri />
        </dev:type>
        <dev:defaultValue>None</dev:defaultValue>
      </command:parameter>
      <command:parameter required="true" variableLength="true" globbing="false" pipelineInput="False" position="named" aliases="none">
        <maml:name>Name</maml:name>
        <maml:Description>
          <maml:para>Name of a specific invoice to get or the most recent if not specified.</maml:para>
        </maml:Description>
        <command:parameterValue required="true" variableLength="false">System.Collections.Generic.List`1[System.String]</command:parameterValue>
        <dev:type>
          <maml:name>System.Collections.Generic.List`1[System.String]</maml:name>
          <maml:uri />
        </dev:type>
        <dev:defaultValue>None</dev:defaultValue>
      </command:parameter>
    </command:parameters>
    <command:inputTypes>
      <command:inputType>
        <dev:type>
          <maml:name>None</maml:name>
        </dev:type>
        <maml:description>
          <maml:para></maml:para>
        </maml:description>
      </command:inputType>
    </command:inputTypes>
    <command:returnValues>
      <command:returnValue>
        <dev:type>
          <maml:name>Microsoft.Azure.Commands.Billing.Models.PSInvoice</maml:name>
        </dev:type>
        <maml:description>
          <maml:para></maml:para>
        </maml:description>
      </command:returnValue>
    </command:returnValues>
    <maml:alertSet>
      <maml:alert>
        <maml:para></maml:para>
      </maml:alert>
    </maml:alertSet>
    <command:examples>
      <command:example>
        <maml:title>Example 1</maml:title>
        <dev:code>PS C:\&gt; Get-AzureRmBillingInvoice -Latest</dev:code>
        <dev:remarks>
          <maml:para>Get the latest invoice of the subscription.</maml:para>
<maml:para></maml:para>
<maml:para></maml:para>
        </dev:remarks>
      </command:example>
      <command:example>
        <maml:title>Example 2</maml:title>
        <dev:code>PS C:\&gt; Get-AzureRmBillingInvoice -Name 2017-02-18-432543543</dev:code>
        <dev:remarks>
          <maml:para>Get the invoice of the subscription with the specified name.</maml:para>
<maml:para></maml:para>
<maml:para></maml:para>
        </dev:remarks>
      </command:example>
      <command:example>
        <maml:title>Example 3</maml:title>
        <dev:code>PS C:\&gt; Get-AzureRmBillingInvoice</dev:code>
        <dev:remarks>
          <maml:para>Get all available invoices of the subscription in reverse chronological order beginning with the most recent invoice without download Url.</maml:para>
<maml:para></maml:para>
<maml:para></maml:para>
        </dev:remarks>
      </command:example>
      <command:example>
        <maml:title>Example 4</maml:title>
        <dev:code>PS C:\&gt; Get-AzureRmBillingInvoice -GenerateDownloadUrl -MaxCount 10</dev:code>
        <dev:remarks>
          <maml:para>Get most recent 10 invoices of the subscription and include the download Url in the result.</maml:para>
<maml:para></maml:para>
<maml:para></maml:para>
        </dev:remarks>
      </command:example>
    </command:examples>
    <command:relatedLinks>
      <maml:navigationLink>
        <maml:linkText>Online Version:</maml:linkText>
        <maml:uri>https://docs.microsoft.com/en-us/powershell/module/azurerm.billing/get-azurermbillinginvoice</maml:uri>
      </maml:navigationLink>
    </command:relatedLinks>
  </command:command>
  <command:command xmlns:maml="http://schemas.microsoft.com/maml/2004/10" xmlns:command="http://schemas.microsoft.com/maml/dev/command/2004/10" xmlns:dev="http://schemas.microsoft.com/maml/dev/2004/10" xmlns:MSHelp="http://msdn.microsoft.com/mshelp">
    <command:details>
      <command:name>Get-AzureRmBillingPeriod</command:name>
      <command:verb>Get</command:verb>
      <command:noun>AzureRmBillingPeriod</command:noun>
      <maml:description>
        <maml:para>Get billing periods of the subscription.</maml:para>
      </maml:description>
    </command:details>
    <maml:description>
      <maml:para>The Get-AzureRmBillingPeriod cmdlet gets billing periods of the subscription.</maml:para>
    </maml:description>
    <command:syntax>
      <command:syntaxItem>
        <maml:name>Get-AzureRmBillingPeriod</maml:name>
        <command:parameter required="false" variableLength="true" globbing="false" pipelineInput="False" position="named" aliases="AzureRmContext, AzureCredential">
          <maml:name>DefaultProfile</maml:name>
          <maml:Description>
            <maml:para>The credentials, account, tenant, and subscription used for communication with azure</maml:para>
          </maml:Description>
          <command:parameterValue required="true" variableLength="false">Microsoft.Azure.Commands.Common.Authentication.Abstractions.IAzureContextContainer</command:parameterValue>
          <dev:type>
            <maml:name>Microsoft.Azure.Commands.Common.Authentication.Abstractions.IAzureContextContainer</maml:name>
            <maml:uri />
          </dev:type>
          <dev:defaultValue>None</dev:defaultValue>
        </command:parameter>
        <command:parameter required="false" variableLength="true" globbing="false" pipelineInput="False" position="named" aliases="none">
          <maml:name>MaxCount</maml:name>
          <maml:Description>
            <maml:para>Determine the maximum number of records to return.</maml:para>
          </maml:Description>
          <command:parameterValue required="true" variableLength="false">System.Nullable`1[System.Int32]</command:parameterValue>
          <dev:type>
            <maml:name>System.Nullable`1[System.Int32]</maml:name>
            <maml:uri />
          </dev:type>
          <dev:defaultValue>None</dev:defaultValue>
        </command:parameter>
      </command:syntaxItem>
      <command:syntaxItem>
        <maml:name>Get-AzureRmBillingPeriod</maml:name>
        <command:parameter required="false" variableLength="true" globbing="false" pipelineInput="False" position="named" aliases="AzureRmContext, AzureCredential">
          <maml:name>DefaultProfile</maml:name>
          <maml:Description>
            <maml:para>The credentials, account, tenant, and subscription used for communication with azure</maml:para>
          </maml:Description>
          <command:parameterValue required="true" variableLength="false">Microsoft.Azure.Commands.Common.Authentication.Abstractions.IAzureContextContainer</command:parameterValue>
          <dev:type>
            <maml:name>Microsoft.Azure.Commands.Common.Authentication.Abstractions.IAzureContextContainer</maml:name>
            <maml:uri />
          </dev:type>
          <dev:defaultValue>None</dev:defaultValue>
        </command:parameter>
        <command:parameter required="true" variableLength="true" globbing="false" pipelineInput="False" position="named" aliases="none">
          <maml:name>Name</maml:name>
          <maml:Description>
            <maml:para>Name of a specific billing period to get.</maml:para>
          </maml:Description>
          <command:parameterValue required="true" variableLength="false">System.Collections.Generic.List`1[System.String]</command:parameterValue>
          <dev:type>
            <maml:name>System.Collections.Generic.List`1[System.String]</maml:name>
            <maml:uri />
          </dev:type>
          <dev:defaultValue>None</dev:defaultValue>
        </command:parameter>
      </command:syntaxItem>
    </command:syntax>
    <command:parameters>
      <command:parameter required="false" variableLength="true" globbing="false" pipelineInput="False" position="named" aliases="AzureRmContext, AzureCredential">
        <maml:name>DefaultProfile</maml:name>
        <maml:Description>
          <maml:para>The credentials, account, tenant, and subscription used for communication with azure</maml:para>
        </maml:Description>
        <command:parameterValue required="true" variableLength="false">Microsoft.Azure.Commands.Common.Authentication.Abstractions.IAzureContextContainer</command:parameterValue>
        <dev:type>
          <maml:name>Microsoft.Azure.Commands.Common.Authentication.Abstractions.IAzureContextContainer</maml:name>
          <maml:uri />
        </dev:type>
        <dev:defaultValue>None</dev:defaultValue>
      </command:parameter>
      <command:parameter required="false" variableLength="true" globbing="false" pipelineInput="False" position="named" aliases="none">
        <maml:name>MaxCount</maml:name>
        <maml:Description>
          <maml:para>Determine the maximum number of records to return.</maml:para>
        </maml:Description>
        <command:parameterValue required="true" variableLength="false">System.Nullable`1[System.Int32]</command:parameterValue>
        <dev:type>
          <maml:name>System.Nullable`1[System.Int32]</maml:name>
          <maml:uri />
        </dev:type>
        <dev:defaultValue>None</dev:defaultValue>
      </command:parameter>
      <command:parameter required="true" variableLength="true" globbing="false" pipelineInput="False" position="named" aliases="none">
        <maml:name>Name</maml:name>
        <maml:Description>
          <maml:para>Name of a specific billing period to get.</maml:para>
        </maml:Description>
        <command:parameterValue required="true" variableLength="false">System.Collections.Generic.List`1[System.String]</command:parameterValue>
        <dev:type>
          <maml:name>System.Collections.Generic.List`1[System.String]</maml:name>
          <maml:uri />
        </dev:type>
        <dev:defaultValue>None</dev:defaultValue>
      </command:parameter>
    </command:parameters>
    <command:inputTypes>
      <command:inputType>
        <dev:type>
          <maml:name>None</maml:name>
        </dev:type>
        <maml:description>
          <maml:para></maml:para>
        </maml:description>
      </command:inputType>
    </command:inputTypes>
    <command:returnValues>
      <command:returnValue>
        <dev:type>
          <maml:name>Microsoft.Azure.Commands.Billing.Models.PSBillingPeriod</maml:name>
        </dev:type>
        <maml:description>
          <maml:para></maml:para>
        </maml:description>
      </command:returnValue>
    </command:returnValues>
    <maml:alertSet>
      <maml:alert>
        <maml:para></maml:para>
      </maml:alert>
    </maml:alertSet>
    <command:examples>
      <command:example>
        <maml:title>Example 1</maml:title>
        <dev:code>PS C:\&gt; Get-AzureRmBillingPeriod</dev:code>
        <dev:remarks>
          <maml:para>Get all available billing periods of the subscription.</maml:para>
<maml:para></maml:para>
<maml:para></maml:para>
        </dev:remarks>
      </command:example>
      <command:example>
        <maml:title>Example 2</maml:title>
        <dev:code>PS C:\&gt; Get-AzureRmBillingPeriod -Name 201704-1</dev:code>
        <dev:remarks>
          <maml:para>Get the billing period of the subscription with the specified name.</maml:para>
<maml:para></maml:para>
<maml:para></maml:para>
        </dev:remarks>
      </command:example>
      <command:example>
        <maml:title>Example 3</maml:title>
        <dev:code>PS C:\&gt; Get-AzureRmBillingPeriod -MaxCount 2</dev:code>
        <dev:remarks>
          <maml:para>Get at most 2 billing periods of the subscription.</maml:para>
<maml:para></maml:para>
<maml:para></maml:para>
        </dev:remarks>
      </command:example>
    </command:examples>
    <command:relatedLinks>
      <maml:navigationLink>
        <maml:linkText>Online Version:</maml:linkText>
        <maml:uri>https://docs.microsoft.com/en-us/powershell/module/azurerm.billing/get-azurermbillingperiod</maml:uri>
      </maml:navigationLink>
    </command:relatedLinks>
  </command:command>
  <command:command xmlns:maml="http://schemas.microsoft.com/maml/2004/10" xmlns:command="http://schemas.microsoft.com/maml/dev/command/2004/10" xmlns:dev="http://schemas.microsoft.com/maml/dev/2004/10" xmlns:MSHelp="http://msdn.microsoft.com/mshelp">
    <command:details>
      <command:name>Get-AzureRmEnrollmentAccount</command:name>
      <command:verb>Get</command:verb>
      <command:noun>AzureRmEnrollmentAccount</command:noun>
      <maml:description>
        <maml:para>Get enrollment accounts.</maml:para>
      </maml:description>
    </command:details>
    <maml:description>
      <maml:para>The Get-AzureRmEnrollmentAccount cmdlet gets enrollment accounts.</maml:para>
    </maml:description>
    <command:syntax>
      <command:syntaxItem>
        <maml:name>Get-AzureRmEnrollmentAccount</maml:name>
        <command:parameter required="true" variableLength="true" globbing="false" pipelineInput="False" position="0" aliases="none">
          <maml:name>ObjectId</maml:name>
          <maml:Description>
            <maml:para>ObjectId of a specific enrollment account to get.</maml:para>
          </maml:Description>
          <command:parameterValue required="true" variableLength="false">System.String</command:parameterValue>
          <dev:type>
            <maml:name>System.String</maml:name>
            <maml:uri />
          </dev:type>
          <dev:defaultValue>None</dev:defaultValue>
        </command:parameter>
        <command:parameter required="false" variableLength="true" globbing="false" pipelineInput="False" position="named" aliases="AzureRmContext, AzureCredential">
          <maml:name>DefaultProfile</maml:name>
          <maml:Description>
            <maml:para>The credentials, account, tenant, and subscription used for communication with azure</maml:para>
          </maml:Description>
          <command:parameterValue required="true" variableLength="false">Microsoft.Azure.Commands.Common.Authentication.Abstractions.IAzureContextContainer</command:parameterValue>
          <dev:type>
            <maml:name>Microsoft.Azure.Commands.Common.Authentication.Abstractions.IAzureContextContainer</maml:name>
            <maml:uri />
          </dev:type>
          <dev:defaultValue>None</dev:defaultValue>
        </command:parameter>
      </command:syntaxItem>
    </command:syntax>
    <command:parameters>
      <command:parameter required="false" variableLength="true" globbing="false" pipelineInput="False" position="named" aliases="AzureRmContext, AzureCredential">
        <maml:name>DefaultProfile</maml:name>
        <maml:Description>
          <maml:para>The credentials, account, tenant, and subscription used for communication with azure</maml:para>
        </maml:Description>
        <command:parameterValue required="true" variableLength="false">Microsoft.Azure.Commands.Common.Authentication.Abstractions.IAzureContextContainer</command:parameterValue>
        <dev:type>
          <maml:name>Microsoft.Azure.Commands.Common.Authentication.Abstractions.IAzureContextContainer</maml:name>
          <maml:uri />
        </dev:type>
        <dev:defaultValue>None</dev:defaultValue>
      </command:parameter>
      <command:parameter required="true" variableLength="true" globbing="false" pipelineInput="False" position="0" aliases="none">
        <maml:name>ObjectId</maml:name>
        <maml:Description>
          <maml:para>ObjectId of a specific enrollment account to get.</maml:para>
        </maml:Description>
        <command:parameterValue required="true" variableLength="false">System.String</command:parameterValue>
        <dev:type>
          <maml:name>System.String</maml:name>
          <maml:uri />
        </dev:type>
        <dev:defaultValue>None</dev:defaultValue>
      </command:parameter>
    </command:parameters>
    <command:inputTypes>
      <command:inputType>
        <dev:type>
          <maml:name>None</maml:name>
        </dev:type>
        <maml:description>
          <maml:para></maml:para>
        </maml:description>
      </command:inputType>
    </command:inputTypes>
    <command:returnValues>
      <command:returnValue>
        <dev:type>
          <maml:name>Microsoft.Azure.Commands.Billing.Models.PSBillingPeriod</maml:name>
        </dev:type>
        <maml:description>
          <maml:para></maml:para>
        </maml:description>
      </command:returnValue>
    </command:returnValues>
    <maml:alertSet>
      <maml:alert>
        <maml:para></maml:para>
      </maml:alert>
    </maml:alertSet>
    <command:examples>
      <command:example>
        <maml:title>Example 1</maml:title>
        <dev:code>PS C:\&gt; Get-AzureRmEnrollmentAccount

ObjectId                             PrincipalName
--------                             -------------
dbd8453d-071f-4fb4-8e01-c99f5b067649 jason@contoso.onmicrosoft.com
7ff524ac-a0de-4402-876f-934ccee3b601 carol@contoso.onmicrosoft.com</dev:code>
        <dev:remarks>
          <maml:para>Get all available enrollment accounts.</maml:para>
<maml:para></maml:para>
<maml:para></maml:para>
        </dev:remarks>
      </command:example>
      <command:example>
        <maml:title>Example 2</maml:title>
        <dev:code>PS C:\&gt; Get-AzureRmEnrollmentAccount -ObjectId dbd8453d-071f-4fb4-8e01-c99f5b067649

ObjectId                             PrincipalName
--------                             -------------
dbd8453d-071f-4fb4-8e01-c99f5b067649 jason@contoso.onmicrosoft.com</dev:code>
        <dev:remarks>
          <maml:para>Get the enrollment account with the specified object id.</maml:para>
<maml:para></maml:para>
<maml:para></maml:para>
        </dev:remarks>
      </command:example>
    </command:examples>
    <command:relatedLinks>
      <maml:navigationLink>
        <maml:linkText>Online Version:</maml:linkText>
        <maml:uri>https://docs.microsoft.com/en-us/powershell/module/azurerm.billing/get-azurermenrollmentaccount</maml:uri>
      </maml:navigationLink>
    </command:relatedLinks>
  </command:command>
</helpItems>