files	subset
sample_titlemissing_23414161.jpg	VALIDATE
2old_670086678714515456tmp-78c6368bcb917233c37aa59f70115067.jpg	TRAIN
2old_662109114066796544.jpg	TRAIN
new_124_picture5.png.jpg	TRAIN
new_124_picture44.png.jpg	TRAIN
new_124_picture70.png.jpg	VALIDATE
2old_661444256824557568tmp-018759a38dba3c4861787015b899f01d.jpg	TRAIN
new_124_picture69.png.jpg	VALIDATE
new_124_picture95.png.jpg	TRAIN
2old_微信图片-20190918190838.jpg	VALIDATE
new_124_picture93.png.jpg	TRAIN
new_124_picture120.png.jpg	TRAIN
new_124_picture38.png.jpg	TRAIN
sample_titlemissing_01030055.jpg	TRAIN
2old_674863714687516672北京增值税电子普通发票.jpg	TRAIN
new_124_picture113.png.jpg	TRAIN
sample_titlemissing_00660953.jpg	TRAIN
new_124_picture62.png.jpg	TRAIN
2old_微信图片-20190918190951.jpg	TRAIN
2old_微信图片-20190918191011.jpg	TRAIN
sample_titlemissing_00426635.jpg	TRAIN
2old_637963123172573184北京增值税电子普通发票.jpg	VALIDATE
2old_微信图片-20190918191021.jpg	TRAIN
2old_677395957809152000tmp-a7af65f2dc3a7b2a338b7d68fc43ff7a.jpg	TRAIN
new_124_picture87.png.jpg	TRAIN
2old_655604948574142464tmp-5a4bebb0e21fadc3f796bea7dbd56e8d.jpg	TRAIN
new_124_picture60.png.jpg	TRAIN
1_et20210003.pdf_0.jpg	TRAIN
sample_titlemissing_06594718.jpg	TRAIN
sample_19_融华房地产13062.5（5.19）.jpg	TRAIN
2old_专票抵扣.jpg	TRAIN
new_124_picture85.png.jpg	VALIDATE
2old_639764559933997056wx-file.jpg	TRAIN
2old_644353311637504000天津增值税电子普通发票.jpg	TRAIN
2old_644803027475103744tmp-7c83910378f913604cdadcfa1b0d94e0c384a9979ccc46df.jpg	TRAIN
2old_645500647541571584tmp-785c845859b6255d21dce9b2b503ba3acd0334897627fd8b.jpg	TRAIN
2old_667640837940707328tmp-f671fb7ef11b4d002d580c0cd0c1169c.jpg	TRAIN
sample_titlemissing_00660947.jpg	VALIDATE
sample_titlemissing_11478075.jpg	TRAIN
2old_637910924358844416北京增值税电子普通发票.jpg	VALIDATE
new_124_picture6.png.jpg	TRAIN
new_124_picture54.png.jpg	TRAIN
sample_titlemissing_06063386.jpg	TRAIN
sample_titlemissing_39124912.jpg	TRAIN
sample_titlemissing_12400732.jpg	TRAIN
2old_637892804109926400北京增值税电子普通发票.jpg	VALIDATE
new_124_picture79.png.jpg	TRAIN
new_124_picture102.png.jpg	TRAIN
2old_9768569308-031001600411-44191606.pdf_0.jpg	VALIDATE
sample_19_达飞51000（2.24）.jpg	TRAIN
sample_titlemissing_10166890.jpg	TRAIN
2old_638275548434399232.jpg	TRAIN
new_124_picture52.png.jpg	TRAIN
new_124_picture77.png.jpg	TRAIN
2old_653506692360699904天津增值税电子普通发票.jpg	TRAIN
new_124_picture109.png.jpg	VALIDATE
1_et20210001[87].pdf_0.jpg	TRAIN
2old_636773136842358784北京增值税电子普通发票.jpg	VALIDATE
2old_660733242499923968北京增值税电子普通发票.jpg	TRAIN
2old_665752733948575744北京增值税电子普通发票.jpg	TRAIN
new_124_picture46.png.jpg	TRAIN
new_124_picture118.png.jpg	TRAIN
2old_644353109887287296天津增值税电子普通发票.jpg	TRAIN
sample_titlemissing_05754500.jpg	TRAIN
new_124_picture111.png.jpg	VALIDATE
new_124_picture122.png.jpg	TRAIN
sample_titlemissing_11496674.jpg	TRAIN
new_124_picture104.png.jpg	TRAIN
sample_19_瀚华金控47250（5.7）.jpg	TRAIN
2old_654965507119644672天津增值税电子普通发票.jpg	TRAIN
new_124_picture110.png.jpg	VALIDATE
new_124_picture66.png.jpg	TRAIN
2old_645905407482527744tmp-42ae385563be771a13bacefe2cdfde73.jpg	TRAIN
2old_20190912-didi-boc-home-(20190910)-发票.pdf_0.jpg	TRAIN
sample_titlemissing_06594719.jpg	TRAIN
2old_662102558235426816.jpg	TRAIN
sample_titlemissing_10166888.jpg	TRAIN
2old_627338184635711488天津增值税电子普通发票.jpg	TRAIN
2old_655597270250553344tmp-f4588b380bfa03b47ab28a7bbeccd077.jpg	TRAIN
2old_677390045518233600tmp-ffb16bfb8e922e3f504729360e85863b.jpg	VALIDATE
sample_titlemissing_00660948.jpg	TRAIN
new_124_picture64.png.jpg	VALIDATE
2old_639763761976049664wx-file.jpg	TRAIN
new_124_picture90.png.jpg	TRAIN
1_et20210006.pdf_0.jpg	TRAIN
new_124_picture89.png.jpg	TRAIN
sample_titlemissing_00602825.jpg	TRAIN
2old_667294322860752896tmp-320625347a7216f45e43b8c547fcc670.jpg	TRAIN
2old_微信图片-20190918191001.jpg	TRAIN
new_124_picture33.png.jpg	TRAIN
new_124_picture106.png.jpg	VALIDATE
2old_20190616-9840240015-031001600411-45739460.pdf_0.jpg	TRAIN
2old_667291501209845760tmp-0f2ebd4c42e00ed2c3602ab72c2e9902.jpg	TRAIN
2old_672717266021777408北京增值税电子普通发票.jpg	TRAIN
new_124_picture58.png.jpg	TRAIN
1_et20210002.pdf_0.jpg	TRAIN
sample_titlemissing_00988593.jpg	TRAIN
2old_655668094055743488.jpg	TRAIN
2old_644805393645568000深圳增值税电子普通发票.jpg	TRAIN
2old_632521734200754176深圳增值税电子普通发票.jpg	TRAIN
sample_titlemissing_10166891.jpg	TRAIN
sample_titlemissing_43868520.jpg	VALIDATE
sample_19_中电启明星39840（6.21）.jpg	TRAIN
2old_636773136808804352北京增值税电子普通发票.jpg	TRAIN
new_124_picture31.png.jpg	VALIDATE
new_124_picture56.png.jpg	TRAIN
2old_632038995903119360.jpg	TRAIN
2old_670529073386094592北京增值税电子普通发票.jpg	TRAIN
2old_682473208925913088北京增值税电子普通发票.jpg	TRAIN
2old_655604215489495040tmp-15d5765f33e305af7c5c77b78de2f8fd.jpg	TRAIN
sample_19_欧菲斯2000（1,4.15）.jpg	VALIDATE
2old_648453360868917248天津增值税电子普通发票.jpg	TRAIN
2old_663288993961476096天津增值税电子普通发票.jpg	VALIDATE
new_124_picture115.png.jpg	TRAIN
2old_微信图片-20190918190936.jpg	TRAIN
2old_20190611-9791487484-031001900211-18995256.pdf_0.jpg	TRAIN
2old_20190829-重庆-天津-机票发票-订单10589082053电子报销凭证.pdf_0.jpg	VALIDATE
2old_发票-20190703-北京-澳门-9999155633.pdf_0.jpg	VALIDATE
2old_663561709914423296天津增值税电子普通发票.jpg	TRAIN
2old_665780288550338560北京增值税电子普通发票.jpg	TRAIN
new_124_picture80.png.jpg	TRAIN
2old_665752733969547264北京增值税电子普通发票.jpg	VALIDATE
2old_669008470543958016北京增值税电子普通发票-copy.jpg	TRAIN
2old_20190522-flight-invoice-hhht-sh-.pdf_0.jpg	VALIDATE
sample_titlemissing_13150227.jpg	TRAIN
2old_674868724028669952北京增值税电子普通发票.jpg	TRAIN
sample_titlemissing_00609019.jpg	VALIDATE
new_124_picture23.png.jpg	TRAIN
new_124_picture48.png.jpg	VALIDATE
sample_titlemissing_00660945.jpg	VALIDATE
2old_667531312675946496天津增值税电子普通发票.jpg	TRAIN
new_124_picture74.png.jpg	TRAIN
2old_655635567492464640tmp-7298d3bca5dea3c36bc60316c97adf34.jpg	TRAIN
sample_titlemissing_10166894.jpg	TRAIN
2old_9517855581-031001600411-44310966.pdf_0.jpg	TRAIN
new_124_picture99.png.jpg	TRAIN
sample_titlemissing_01030056.jpg	TRAIN
new_124_picture101.png.jpg	TRAIN
new_124_picture124.png.jpg	TRAIN
2old_662904754313101312天津增值税电子普通发票.jpg	TRAIN
new_124_picture72.png.jpg	TRAIN
2old_655640287355338752天津增值税电子普通发票.jpg	TRAIN
sample_titlemissing_08518725.jpg	TRAIN
2old_647294095072428032.jpg	TRAIN
new_124_picture68.png.jpg	TRAIN
new_124_picture41.png.jpg	TRAIN
new_124_picture97.png.jpg	VALIDATE
new_124_picture94.png.jpg	TRAIN
new_124_picture88.png.jpg	TRAIN
sample_titlemissing_10166892.jpg	TRAIN
sample_titlemissing_06081338.jpg	VALIDATE
new_124_picture103.png.jpg	VALIDATE
new_124_picture117.png.jpg	TRAIN
new_124_picture123.png.jpg	TRAIN
2old_657499266712862720天津增值税电子普通发票.jpg	TRAIN
1_et20210005.pdf_0.jpg	VALIDATE
new_124_picture61.png.jpg	TRAIN
new_124_picture35.png.jpg	TRAIN
sample_titlemissing_12689163.jpg	TRAIN
sample_19_欧菲斯12000（5.24）.jpg	TRAIN
sample_19_融汇投资13062.5（5.18）.jpg	TRAIN
2old_648368037640011776北京增值税电子普通发票.jpg	TRAIN
2old_648430692404822016tmp-4b2881f2aa1f2e3e565b8389ece77016.jpg	TRAIN
2old_20190707-9999306045-031001700211-57050916.pdf_0.jpg	TRAIN
2old_645509749042839552天津增值税电子普通发票.jpg	TRAIN
sample_titlemissing_48233586.jpg	TRAIN
2old_653504535569891328深圳增值税电子普通发票.jpg	TRAIN
2old_655599678548606976tmp-106f3b5beef312a6945d6733fc3d31a3.jpg	TRAIN
2old_632520546596159488深圳增值税电子普通发票.jpg	VALIDATE
sample_19_中电启明星82800（7.16）.jpg	TRAIN
2old_655596695920312320tmp-6b359d5ba30851f985bbcec9fbaf5c49.jpg	TRAIN
new_124_picture55.png.jpg	TRAIN
2old_666198928877682688北京增值税电子普通发票.jpg	TRAIN
2old_673447777828601856tmp-21ae6d9cc16dfc38886622477775bf39daf7987cde5b6c30.jpg	TRAIN
new_124_picture53.png.jpg	TRAIN
2old_644353243995963392北京增值税电子普通发票.jpg	TRAIN
sample_titlemissing_01030053.jpg	TRAIN
new_124_picture86.png.jpg	TRAIN
new_124_picture78.png.jpg	TRAIN
2old_645505945908019200tmp-1014150f70c00b0a78e0496b616595a639991389cb43415e.jpg	TRAIN
new_124_picture112.png.jpg	TRAIN
new_124_picture119.png.jpg	TRAIN
2old_633134364531621888山西增值税电子普通发票.jpg	TRAIN
sample_titlemissing_08518726.jpg	TRAIN
sample_titlemissing_13150246.jpg	TRAIN
2old_677033279039209472北京增值税电子普通发票.jpg	VALIDATE
2old_655610172965650432天津增值税电子普通发票.jpg	VALIDATE
sample_titlemissing_40636309.jpg	TRAIN
2old_653116776283897856北京增值税电子普通发票.jpg	TRAIN
new_124_picture51.png.jpg	VALIDATE
new_124_picture76.png.jpg	VALIDATE
2old_628022160073424896上海增值税电子普通发票.jpg	TRAIN
2old_642997295725412352天津增值税电子普通发票.jpg	TRAIN
2old_649435879697285120tmp-abe2f3f6d50c516621330ec090bf6611.jpg	TRAIN
2old_20190707-9999306045-044031800211-27541943.pdf_0.jpg	TRAIN
sample_titlemissing_10166889.jpg	VALIDATE
new_124_picture45.png.jpg	TRAIN
new_124_picture96.png.jpg	TRAIN
2old_677389906649022464tmp-2cf89b000bf744f70121f516566a0e80.jpg	TRAIN
new_124_picture108.png.jpg	TRAIN
new_124_picture121.png.jpg	TRAIN
2old_645106628806311936北京增值税电子普通发票.jpg	VALIDATE
2old_655599158568157184tmp-24d01e738c6da8c6df09ce93103ca8ae.jpg	VALIDATE
2old_675171486780096512tmp-da4ef3cf09755b44b29356178a211031618a6218cd47c7af.jpg	VALIDATE
sample_titlemissing_00660949.jpg	TRAIN
2old_20190902-订单10673154934电子报销凭证-东营-北京.pdf_0.jpg	TRAIN
2old_674990770515607552天津增值税电子普通发票.jpg	TRAIN
2old_677411675074199552tmp-544eb0026e9b2c40e0e018b97637fa18.jpg	TRAIN
2old_专票.jpg	TRAIN
sample_19_欧菲斯2000（4.15）.jpg	TRAIN
2old_微信图片-20190918190852.jpg	TRAIN
2old_644803311328821248tmp-051ed090ec34b146147d2660bcf1470e6b23996dbf72dbcf.jpg	TRAIN
2old_653504535565697024深圳增值税电子普通发票.jpg	TRAIN
2old_667292576461619200tmp-9c2580a188cf30786c41715d40755e8f.jpg	VALIDATE
sample_19_业如2500（7.7）.jpg	VALIDATE
new_124_picture39.png.jpg	TRAIN
new_124_picture43.png.jpg	TRAIN
2old_644805393121280000深圳增值税电子普通发票.jpg	TRAIN
2old_665752733969547265北京增值税电子普通发票.jpg	TRAIN
new_124_picture63.png.jpg	TRAIN
new_124_picture92.png.jpg	TRAIN
sample_titlemissing_01030054.jpg	VALIDATE
2old_645106628802117632天津增值税电子普通发票.jpg	VALIDATE
new_124_picture32.png.jpg	TRAIN
new_124_picture57.png.jpg	TRAIN
2old_669815319031709696tmp-e8de85ff797a0926a58ea07d6744278c44de4c1610478461.jpg	VALIDATE
2old_648431560487337984tmp-85faa32e590ed721f892ba13d569a5e2.jpg	TRAIN
new_124_picture30.png.jpg	TRAIN
new_124_picture81.png.jpg	TRAIN
sample_titlemissing_00609020.jpg	TRAIN
2old_672717653143453696tmp-f91dcdd1fdb0334be9335c067b1eba02.jpg	TRAIN
new_124_picture105.png.jpg	TRAIN
2old_640499881793814528天津增值税电子普通发票.jpg	TRAIN
sample_titlemissing_00411950.jpg	TRAIN
sample_titlemissing_00002031.jpg	TRAIN
2old_655605478994214912tmp-ada8d244bc86e22f7be3b347ee74cafa.jpg	TRAIN
sample_titlemissing_00660946.jpg	TRAIN
sample_19_融华房地产36575（7.22）.jpg	VALIDATE
2old_677033334584377344天津增值税电子普通发票.jpg	TRAIN
new_124_picture49.png.jpg	TRAIN
2old_42ed8601e223b6f609bb44b0988890e.jpg	TRAIN
2old_655598171078000640tmp-c0e8cedb417f87b056c4579a0b63cca4.jpg	VALIDATE
new_124_picture73.png.jpg	TRAIN
new_124_picture98.png.jpg	VALIDATE
2old_648439111090176000tmp-d173c584a99b7eeb57c14960a743b13e.jpg	TRAIN
new_124_picture114.png.jpg	TRAIN
2old_663302863589474304北京增值税电子普通发票.jpg	TRAIN
new_124_picture71.png.jpg	TRAIN
2old_677395249558978560tmp-cc6f3099762353c1a705ad30f633d2ae.jpg	TRAIN
2old_订单9706049382电子报销凭证.pdf_0.jpg	VALIDATE
2old_655599101852778496.jpg	TRAIN
2old_滴滴电子发票.pdf_0.jpg	TRAIN
2old_20190707-10019182641-031001900211-17739634.pdf_0.jpg	TRAIN
sample_titlemissing_12689164.jpg	VALIDATE
new_124_picture65.png.jpg	VALIDATE
2old_637892804093149184北京增值税电子普通发票.jpg	TRAIN
sample_titlemissing_23414160.jpg	TRAIN
2old_644805393058365440深圳增值税电子普通发票.jpg	VALIDATE
2old_666210098405703680北京增值税电子普通发票.jpg	TRAIN
2old_653150331437318144tmp-9f73dce6c1368b35676d450ebf0bd399.jpg	TRAIN
2old_655597732085366784tmp-fe6dc8b71f8cd34bebcc03b47c54bc13.jpg	TRAIN
sample_19_瀚华安徽1000（7.1）.jpg	TRAIN
sample_titlemissing_19591697.jpg	TRAIN
new_124_picture83.png.jpg	TRAIN
sample_titlemissing_00479714.jpg	TRAIN
sample_titlemissing_04558837.jpg	TRAIN
2old_644804817432084480.jpg	TRAIN
2old_632802027918852096北京增值税电子普通发票.jpg	TRAIN
2old_20190520-flight-invoice-zz-hhht.pdf_0.jpg	TRAIN
new_124_picture50.png.jpg	TRAIN
2old_677030902395568128天津增值税电子普通发票-copy.jpg	TRAIN
sample_titlemissing_01629024.jpg	TRAIN
new_124_picture75.png.jpg	TRAIN
2old_670528965181440000北京增值税电子普通发票.jpg	VALIDATE
2old_634312483221274624天津增值税电子普通发票.jpg	TRAIN
sample_19_嘉诚汽车36100（7.12）.jpg	TRAIN
sample_19_融汇投资36575（7.22）.jpg	TRAIN
2old_20190902-订单10673154916电子报销凭证-北京-东营.pdf_0.jpg	TRAIN
sample_titlemissing_40638382.jpg	VALIDATE
2old_645106628810506240北京增值税电子普通发票.jpg	TRAIN
2old_668310573166886912tmp-52c7098efb3d4367fa12ff8cb7b7fbc3.jpg	TRAIN
sample_titlemissing_11419478.jpg	TRAIN
2old_637892804084760576北京增值税电子普通发票.jpg	VALIDATE
new_124_picture42.png.jpg	TRAIN
2old_670522136145690624天津增值税电子普通发票-copy.jpg	VALIDATE
new_124_picture107.png.jpg	TRAIN
sample_titlemissing_10166893.jpg	TRAIN
new_124_picture67.png.jpg	TRAIN
2old_649487553216380928上海增值税电子普通发票.jpg	TRAIN
2old_670522136137302016天津增值税电子普通发票-copy.jpg	TRAIN
sample_19_达飞89040（2.24）.jpg	TRAIN
new_124_picture40.png.jpg	VALIDATE
new_124_picture91.png.jpg	TRAIN
new_124_picture100.png.jpg	TRAIN
2old_649491050334781440北京增值税电子普通发票.jpg	TRAIN
sample_19_七色纺6000（6.4）.jpg	TRAIN
2old_645106628974084096北京增值税电子普通发票.jpg	TRAIN
new_124_picture116.png.jpg	VALIDATE
sample_titlemissing_02613545.jpg	TRAIN
new_124_picture34.png.jpg	TRAIN
new_124_picture59.png.jpg	VALIDATE