{
 "extraction": [
  {
   "name": "name",
   "type": "string",
   "multi_line": false,
   "split_items": false,
   "post_processing": "first_span",
   "multi_page": "highest_confidence",
   "scoring": "levenshtein",
   "hidden": false
  },
  {
   "name": "business-name",
   "type": "string",
   "multi_line": false,
   "split_items": false,
   "post_processing": "first_span",
   "multi_page": "highest_confidence",
   "scoring": "levenshtein",
   "hidden": false
  },
  {
   "name": "tax-classification",
   "type": "string",
   "multi_line": false,
   "split_items": false,
   "post_processing": "first_span",
   "multi_page": "highest_confidence",
   "scoring": "levenshtein",
   "hidden": false
  },
  {
   "name": "llc-tax-classification",
   "type": "string",
   "multi_line": false,
   "split_items": false,
   "post_processing": "first_span",
   "multi_page": "highest_confidence",
   "scoring": "levenshtein",
   "hidden": false
  },
  {
   "name": "other-tax-classification",
   "type": "string",
   "multi_line": false,
   "split_items": false,
   "post_processing": "first_span",
   "multi_page": "highest_confidence",
   "scoring": "levenshtein",
   "hidden": false
  },
  {
   "name": "exempt-payee-code",
   "type": "string",
   "multi_line": false,
   "split_items": false,
   "post_processing": "first_span",
   "multi_page": "highest_confidence",
   "scoring": "levenshtein",
   "hidden": false
  },
  {
   "name": "exemption-fatca-code",
   "type": "string",
   "multi_line": false,
   "split_items": false,
   "post_processing": "first_span",
   "multi_page": "highest_confidence",
   "scoring": "levenshtein",
   "hidden": false
  },
  {
   "name": "address",
   "type": "string",
   "multi_line": false,
   "split_items": false,
   "post_processing": "first_span",
   "multi_page": "highest_confidence",
   "scoring": "levenshtein",
   "hidden": false
  },
  {
   "name": "city",
   "type": "string",
   "multi_line": false,
   "split_items": false,
   "post_processing": "first_span",
   "multi_page": "highest_confidence",
   "scoring": "levenshtein",
   "hidden": false
  },
  {
   "name": "state",
   "type": "string",
   "multi_line": false,
   "split_items": false,
   "post_processing": "first_span",
   "multi_page": "highest_confidence",
   "scoring": "levenshtein",
   "hidden": false
  },
  {
   "name": "zip",
   "type": "string",
   "multi_line": false,
   "split_items": false,
   "post_processing": "first_span",
   "multi_page": "highest_confidence",
   "scoring": "levenshtein",
   "hidden": false
  },
  {
   "name": "account-numbers",
   "type": "string",
   "multi_line": false,
   "split_items": false,
   "post_processing": "first_span",
   "multi_page": "highest_confidence",
   "scoring": "levenshtein",
   "hidden": false
  },
  {
   "name": "requester-name-address",
   "type": "string",
   "multi_line": false,
   "split_items": false,
   "post_processing": "first_span",
   "multi_page": "highest_confidence",
   "scoring": "levenshtein",
   "hidden": false
  },
  {
   "name": "ssn",
   "type": "string",
   "multi_line": false,
   "split_items": false,
   "post_processing": "first_span",
   "multi_page": "highest_confidence",
   "scoring": "levenshtein",
   "hidden": false
  },
  {
   "name": "ein",
   "type": "string",
   "multi_line": false,
   "split_items": false,
   "post_processing": "first_span",
   "multi_page": "highest_confidence",
   "scoring": "levenshtein",
   "hidden": false
  },
  {
   "name": "signature",
   "type": "string",
   "multi_line": true,
   "split_items": false,
   "post_processing": "first_span",
   "multi_page": "highest_confidence",
   "scoring": "levenshtein",
   "hidden": false
  },
  {
   "name": "date",
   "type": "date",
   "multi_line": false,
   "split_items": false,
   "post_processing": "first_span",
   "multi_page": "first_occurrence",
   "scoring": "exact_match",
   "hidden": false
  }
 ],
 "classification": {

 }
}