files	subset
4feb2021_w9_scan_uipath_camscanner-print.pdf_45.jpg	VALIDATE
4feb2021_w9_scan_google_camscanner-handwriting.pdf_13.jpg	TRAIN
4feb2021_w9_native-uipath_2018-irs-w9-form-spanish-copy-(33).pdf_0.jpg	TRAIN
4feb2021_w9_scan_google_doc010-handwriting.pdf_8.jpg	TRAIN
4feb2021_w9_scan_google_doc012-handwriting.pdf_19.jpg	TRAIN
4feb2021_w9_scan_google_camscanner-handwriting.pdf_48.jpg	TRAIN
4feb2021_w9_scan_uipath_doc010-print.pdf_10.jpg	TRAIN
4feb2021_w9_native-uipath_2018-irs-w9-form-copy-(20).pdf_0.jpg	TRAIN
4feb2021_w9_scan_uipath_camscanner-print.pdf_38.jpg	VALIDATE
4feb2021_w9_scan_uipath_doc010-print.pdf_21.jpg	TRAIN
4feb2021_w9_scan_uipath_doc011-print.pdf_8.jpg	TRAIN
4feb2021_w9_scan_google_doc011-handwriting.pdf_5.jpg	VALIDATE
4feb2021_w9_scan_google_doc012-handwriting.pdf_21.jpg	TRAIN
4feb2021_w9_scan_uipath_doc012-print.pdf_1.jpg	TRAIN
4feb2021_w9_scan_google_camscanner-handwriting.pdf_6.jpg	VALIDATE
4feb2021_w9_scan_google_camscanner-handwriting.pdf_25.jpg	VALIDATE
4feb2021_w9_scan_google_camscanner-handwriting.pdf_51.jpg	TRAIN
4feb2021_w9_native-uipath_2018-irs-w9-form-spanish-copy-(6).pdf_0.jpg	TRAIN
4feb2021_w9_scan_uipath_doc011-print.pdf_25.jpg	TRAIN
4feb2021_w9_scan_uipath_doc010-print.pdf_8.jpg	TRAIN
4feb2021_w9_scan_google_doc012-handwriting.pdf_17.jpg	TRAIN
4feb2021_w9_scan_uipath_doc011-print.pdf_14.jpg	TRAIN
4feb2021_w9_scan_uipath_camscanner-print.pdf_20.jpg	TRAIN
4feb2021_w9_scan_uipath_camscanner-print.pdf_2.jpg	TRAIN
4feb2021_w9_scan_uipath_camscanner-print.pdf_56.jpg	TRAIN
4feb2021_w9_scan_uipath_doc011-print.pdf_1.jpg	TRAIN
4feb2021_w9_scan_google_camscanner-handwriting.pdf_37.jpg	VALIDATE
4feb2021_w9_native-uipath_2018-irs-w9-form-spanish-copy-(15).pdf_0.jpg	TRAIN
4feb2021_w9_scan_google_doc010-handwriting.pdf_5.jpg	TRAIN
4feb2021_w9_scan_google_doc012-handwriting.pdf_7.jpg	TRAIN
4feb2021_w9_scan_uipath_camscanner-print.pdf_28.jpg	TRAIN
4feb2021_w9_native-uipath_2018-irs-w9-form-spanish-copy-(20).pdf_0.jpg	TRAIN
4feb2021_w9_scan_uipath_camscanner-print.pdf_41.jpg	VALIDATE
4feb2021_w9_scan_uipath_doc010-print.pdf_25.jpg	VALIDATE
4feb2021_w9_scan_uipath_camscanner-print.pdf_13.jpg	TRAIN
4feb2021_w9_native-uipath_2018-irs-w9-form-spanish-copy-(32).pdf_0.jpg	TRAIN
4feb2021_w9_native-uipath_2018-irs-w9-form-copy-(25).pdf_0.jpg	TRAIN
4feb2021_w9_scan_google_camscanner-handwriting.pdf_14.jpg	TRAIN
4feb2021_w9_native-uipath_2018-irs-w9-form-copy-(12).pdf_0.jpg	TRAIN
4feb2021_w9_scan_google_doc012-handwriting.pdf_15.jpg	TRAIN
4feb2021_w9_scan_google_camscanner-handwriting.pdf_49.jpg	VALIDATE
4feb2021_w9_native-uipath_2018-irs-w9-form-copy-(3).pdf_0.jpg	TRAIN
4feb2021_w9_scan_google_camscanner-handwriting.pdf_54.jpg	TRAIN
4feb2021_w9_scan_uipath_doc010-print.pdf_1.jpg	TRAIN
4feb2021_w9_scan_uipath_camscanner-print.pdf_46.jpg	TRAIN
4feb2021_w9_scan_google_camscanner-handwriting.pdf_0.jpg	TRAIN
4feb2021_w9_native-uipath_2018-irs-w9-form-copy-(32).pdf_0.jpg	TRAIN
4feb2021_w9_scan_google_doc011-handwriting.pdf_7.jpg	TRAIN
4feb2021_w9_native-uipath_2018-irs-w9-form-spanish-copy-(2).pdf_0.jpg	VALIDATE
4feb2021_w9_native-uipath_2018-irs-w9-form-spanish-copy-(19).pdf_0.jpg	VALIDATE
4feb2021_w9_scan_google_camscanner-handwriting.pdf_4.jpg	TRAIN
4feb2021_w9_scan_google_camscanner-handwriting.pdf_26.jpg	TRAIN
4feb2021_w9_scan_google_camscanner-handwriting.pdf_31.jpg	TRAIN
4feb2021_w9_scan_uipath_camscanner-print.pdf_1.jpg	TRAIN
4feb2021_w9_scan_google_camscanner-handwriting.pdf_66.jpg	TRAIN
4feb2021_w9_scan_google_doc012-handwriting.pdf_13.jpg	TRAIN
4feb2021_w9_scan_uipath_camscanner-print.pdf_18.jpg	TRAIN
4feb2021_w9_scan_uipath_camscanner-print.pdf_31.jpg	VALIDATE
4feb2021_w9_scan_uipath_doc010-print.pdf_0.jpg	TRAIN
4feb2021_w9_scan_uipath_doc010-print.pdf_14.jpg	TRAIN
4feb2021_w9_scan_uipath_doc011-print.pdf_18.jpg	TRAIN
4feb2021_w9_scan_uipath_doc011-print.pdf_29.jpg	TRAIN
4feb2021_w9_scan_uipath_camscanner-print.pdf_64.jpg	TRAIN
4feb2021_w9_native-uipath_2018-irs-w9-form-spanish-copy-(14).pdf_0.jpg	TRAIN
4feb2021_w9_scan_google_camscanner-handwriting.pdf_38.jpg	VALIDATE
4feb2021_w9_scan_google_camscanner-handwriting.pdf_43.jpg	TRAIN
4feb2021_w9_scan_google_doc010-handwriting.pdf_7.jpg	TRAIN
4feb2021_w9_scan_google_doc012-handwriting.pdf_9.jpg	VALIDATE
4feb2021_w9_scan_uipath_camscanner-print.pdf_0.jpg	TRAIN
4feb2021_w9_scan_uipath_camscanner-print.pdf_36.jpg	TRAIN
4feb2021_w9_native-uipath_2018-irs-w9-form-copy-(17).pdf_0.jpg	VALIDATE
4feb2021_w9_native-uipath_2018-irs-w9-form-spanish-copy-(31).pdf_0.jpg	VALIDATE
4feb2021_w9_scan_google_doc011-handwriting.pdf_4.jpg	TRAIN
4feb2021_w9_scan_google_doc012-handwriting.pdf_11.jpg	TRAIN
4feb2021_w9_scan_google_camscanner-handwriting.pdf_15.jpg	TRAIN
4feb2021_w9_scan_google_camscanner-handwriting.pdf_20.jpg	TRAIN
4feb2021_w9_scan_google_doc012-handwriting.pdf_35.jpg	VALIDATE
4feb2021_w9_scan_uipath_camscanner-print.pdf_21.jpg	VALIDATE
4feb2021_w9_scan_google_camscanner-handwriting.pdf_55.jpg	TRAIN
4feb2021_w9_scan_uipath_camscanner-print.pdf_29.jpg	TRAIN
4feb2021_w9_native-uipath_2018-irs-w9-form-copy-(24).pdf_0.jpg	TRAIN
4feb2021_w9_scan_uipath_camscanner-print.pdf_57.jpg	TRAIN
4feb2021_w9_native-uipath_2018-irs-w9-form-copy-(11).pdf_0.jpg	TRAIN
4feb2021_w9_scan_uipath_doc010-print.pdf_18.jpg	TRAIN
4feb2021_w9_scan_uipath_camscanner-print.pdf_54.jpg	TRAIN
4feb2021_w9_native-uipath_2018-irs-w9-form-spanish-copy-(18).pdf_0.jpg	TRAIN
4feb2021_w9_scan_uipath_doc010-print.pdf_19.jpg	TRAIN
4feb2021_w9_scan_uipath_doc011-print.pdf_3.jpg	VALIDATE
4feb2021_w9_scan_google_camscanner-handwriting.pdf_32.jpg	TRAIN
4feb2021_w9_scan_uipath_camscanner-print.pdf_26.jpg	TRAIN
4feb2021_w9_native-uipath_2018-irs-w9-form-copy-(31).pdf_0.jpg	VALIDATE
4feb2021_w9_native-uipath_2018-irs-w9-form-spanish-copy-(7).pdf_0.jpg	VALIDATE
4feb2021_w9_scan_google_doc012-handwriting.pdf_6.jpg	VALIDATE
4feb2021_w9_native-uipath_2018-irs-w9-form-copy-(6).pdf_0.jpg	VALIDATE
4feb2021_w9_scan_google_camscanner-handwriting.pdf_67.jpg	TRAIN
4feb2021_w9_scan_google_doc010-handwriting.pdf_4.jpg	TRAIN
4feb2021_w9_scan_google_doc011-handwriting.pdf_11.jpg	TRAIN
4feb2021_w9_scan_uipath_camscanner-print.pdf_11.jpg	TRAIN
4feb2021_w9_scan_uipath_camscanner-print.pdf_47.jpg	VALIDATE
4feb2021_w9_scan_uipath_doc010-print.pdf_3.jpg	TRAIN
4feb2021_w9_scan_uipath_camscanner-print.pdf_19.jpg	TRAIN
4feb2021_w9_native-uipath_2018-irs-w9-form-copy-(8).pdf_0.jpg	TRAIN
4feb2021_w9_scan_google_camscanner-handwriting.pdf_18.jpg	TRAIN
4feb2021_w9_scan_google_camscanner-handwriting.pdf_44.jpg	TRAIN
4feb2021_w9_scan_google_doc012-handwriting.pdf_29.jpg	TRAIN
4feb2021_w9_scan_uipath_camscanner-print.pdf_32.jpg	TRAIN
4feb2021_w9_scan_uipath_camscanner-print.pdf_60.jpg	VALIDATE
4feb2021_w9_scan_uipath_doc010-print.pdf_12.jpg	VALIDATE
4feb2021_w9_scan_uipath_doc010-print.pdf_23.jpg	TRAIN
4feb2021_w9_scan_uipath_doc011-print.pdf_12.jpg	VALIDATE
4feb2021_w9_scan_google_doc011-handwriting.pdf_6.jpg	TRAIN
4feb2021_w9_scan_google_camscanner-handwriting.pdf_3.jpg	TRAIN
4feb2021_w9_native-uipath_2018-irs-w9-form-copy-(29).pdf_0.jpg	TRAIN
4feb2021_w9_scan_google_camscanner-handwriting.pdf_21.jpg	TRAIN
4feb2021_w9_native-uipath_2018-irs-w9-form-copy-(16).pdf_0.jpg	TRAIN
4feb2021_w9_native-uipath_2018-irs-w9-form-spanish-copy-(4).pdf_0.jpg	TRAIN
4feb2021_w9_scan_google_camscanner-handwriting.pdf_7.jpg	TRAIN
4feb2021_w9_scan_google_camscanner-handwriting.pdf_56.jpg	TRAIN
4feb2021_w9_scan_google_camscanner-handwriting.pdf_61.jpg	VALIDATE
4feb2021_w9_scan_uipath_camscanner-print.pdf_37.jpg	VALIDATE
4feb2021_w9_scan_google_doc012-handwriting.pdf_27.jpg	TRAIN
4feb2021_w9_native-uipath_2018-irs-w9-form-spanish-copy-(17).pdf_0.jpg	TRAIN
4feb2021_w9_scan_uipath_camscanner-print.pdf_9.jpg	TRAIN
4feb2021_w9_scan_uipath_camscanner-print.pdf_50.jpg	TRAIN
4feb2021_w9_scan_uipath_doc011-print.pdf_16.jpg	TRAIN
4feb2021_w9_scan_uipath_doc011-print.pdf_23.jpg	TRAIN
4feb2021_w9_scan_google_camscanner-handwriting.pdf_33.jpg	TRAIN
4feb2021_w9_scan_uipath_camscanner-print.pdf_22.jpg	VALIDATE
4feb2021_w9_scan_google_doc010-handwriting.pdf_6.jpg	TRAIN
4feb2021_w9_native-uipath_2018-irs-w9-form-spanish-copy-(34).pdf_0.jpg	VALIDATE
4feb2021_w9_scan_google_doc012-handwriting.pdf_8.jpg	TRAIN
4feb2021_w9_scan_uipath_doc011-print.pdf_5.jpg	TRAIN
4feb2021_w9_scan_uipath_doc011-print.pdf_27.jpg	TRAIN
4feb2021_w9_scan_uipath_doc012-print.pdf_3.jpg	VALIDATE
4feb2021_w9_scan_uipath_doc012-print.pdf_5.jpg	TRAIN
4feb2021_w9_scan_uipath_doc011-print.pdf_20.jpg	TRAIN
4feb2021_w9_scan_google_camscanner-handwriting.pdf_10.jpg	TRAIN
4feb2021_w9_scan_uipath_camscanner-print.pdf_55.jpg	TRAIN
4feb2021_w9_scan_google_doc012-handwriting.pdf_25.jpg	VALIDATE
4feb2021_w9_scan_google_camscanner-handwriting.pdf_19.jpg	VALIDATE
4feb2021_w9_scan_google_camscanner-handwriting.pdf_50.jpg	TRAIN
4feb2021_w9_scan_google_doc012-handwriting.pdf_32.jpg	VALIDATE
4feb2021_w9_scan_uipath_camscanner-print.pdf_8.jpg	TRAIN
4feb2021_w9_scan_google_camscanner-handwriting.pdf_59.jpg	TRAIN
4feb2021_w9_scan_uipath_camscanner-print.pdf_27.jpg	TRAIN
4feb2021_w9_scan_uipath_camscanner-print.pdf_40.jpg	TRAIN
4feb2021_w9_scan_uipath_doc010-print.pdf_5.jpg	TRAIN
4feb2021_w9_scan_google_doc011-handwriting.pdf_8.jpg	TRAIN
4feb2021_w9_scan_uipath_doc010-print.pdf_16.jpg	VALIDATE
4feb2021_w9_scan_uipath_doc011-print.pdf_10.jpg	TRAIN
4feb2021_w9_scan_uipath_doc011-print.pdf_21.jpg	TRAIN
4feb2021_w9_scan_uipath_doc010-print.pdf_20.jpg	TRAIN
4feb2021_w9_scan_google_camscanner-handwriting.pdf_36.jpg	VALIDATE
4feb2021_w9_scan_google_camscanner-handwriting.pdf_62.jpg	TRAIN
4feb2021_w9_scan_google_doc012-handwriting.pdf_5.jpg	VALIDATE
4feb2021_w9_native-uipath_2018-irs-w9-form-spanish-copy-(9).pdf_0.jpg	TRAIN
4feb2021_w9_native-uipath_2018-irs-w9-form-spanish-copy-(16).pdf_0.jpg	TRAIN
4feb2021_w9_scan_google_doc012-handwriting.pdf_23.jpg	TRAIN
4feb2021_w9_scan_google_doc012-handwriting.pdf_30.jpg	VALIDATE
4feb2021_w9_native-uipath_2018-irs-w9-form-spanish-copy-(21).pdf_0.jpg	TRAIN
4feb2021_w9_scan_uipath_camscanner-print.pdf_17.jpg	TRAIN
4feb2021_w9_scan_uipath_doc011-print.pdf_11.jpg	TRAIN
4feb2021_w9_scan_google_doc011-handwriting.pdf_9.jpg	TRAIN
4feb2021_w9_scan_uipath_doc011-print.pdf_22.jpg	TRAIN
4feb2021_w9_scan_uipath_doc011-print.pdf_28.jpg	TRAIN
4feb2021_w9_scan_uipath_camscanner-print.pdf_3.jpg	TRAIN
4feb2021_w9_scan_google_camscanner-handwriting.pdf_27.jpg	TRAIN
4feb2021_w9_scan_google_camscanner-handwriting.pdf_53.jpg	TRAIN
4feb2021_w9_scan_google_doc012-handwriting.pdf_26.jpg	TRAIN
4feb2021_w9_scan_uipath_doc010-print.pdf_22.jpg	TRAIN
4feb2021_w9_scan_google_doc012-handwriting.pdf_33.jpg	TRAIN
4feb2021_w9_scan_uipath_doc012-print.pdf_4.jpg	TRAIN
4feb2021_w9_scan_uipath_camscanner-print.pdf_51.jpg	TRAIN
4feb2021_w9_scan_uipath_doc010-print.pdf_11.jpg	TRAIN
4feb2021_w9_scan_uipath_doc012-print.pdf_6.jpg	TRAIN
4feb2021_w9_scan_google_camscanner-handwriting.pdf_30.jpg	VALIDATE
4feb2021_w9_native-uipath_2018-irs-w9-form-spanish-copy-(13).pdf_0.jpg	TRAIN
4feb2021_w9_scan_google_doc010-handwriting.pdf_0.jpg	TRAIN
4feb2021_w9_scan_uipath_camscanner-print.pdf_59.jpg	TRAIN
4feb2021_w9_scan_google_camscanner-handwriting.pdf_39.jpg	TRAIN
4feb2021_w9_native-uipath_2018-irs-w9-form-spanish-copy-(25).pdf_0.jpg	TRAIN
4feb2021_w9_scan_google_camscanner-handwriting.pdf_65.jpg	TRAIN
4feb2021_w9_scan_google_camscanner-handwriting.pdf_70.jpg	VALIDATE
4feb2021_w9_scan_google_doc010-handwriting.pdf_9.jpg	TRAIN
4feb2021_w9_native-uipath_2018-irs-w9-form-spanish-copy-(30).pdf_0.jpg	VALIDATE
4feb2021_w9_scan_google_doc012-handwriting.pdf_2.jpg	TRAIN
4feb2021_w9_scan_google_doc012-handwriting.pdf_24.jpg	TRAIN
4feb2021_w9_scan_google_doc012-handwriting.pdf_31.jpg	VALIDATE
4feb2021_w9_scan_uipath_camscanner-print.pdf_16.jpg	TRAIN
4feb2021_w9_native-uipath_2018-irs-w9-form-copy-(18).pdf_0.jpg	TRAIN
4feb2021_w9_scan_google_camscanner-handwriting.pdf_16.jpg	TRAIN
4feb2021_w9_scan_google_camscanner-handwriting.pdf_42.jpg	TRAIN
4feb2021_w9_scan_uipath_camscanner-print.pdf_44.jpg	TRAIN
4feb2021_w9_scan_uipath_doc010-print.pdf_7.jpg	TRAIN
4feb2021_w9_scan_uipath_doc011-print.pdf_6.jpg	TRAIN
4feb2021_w9_scan_uipath_doc011-print.pdf_7.jpg	TRAIN
4feb2021_w9_scan_uipath_doc011-print.pdf_15.jpg	TRAIN
4feb2021_w9_scan_google_doc011-handwriting.pdf_2.jpg	TRAIN
4feb2021_w9_scan_uipath_camscanner-print.pdf_49.jpg	TRAIN
4feb2021_w9_scan_uipath_doc011-print.pdf_0.jpg	VALIDATE
4feb2021_w9_scan_uipath_doc011-print.pdf_26.jpg	TRAIN
4feb2021_w9_native-uipath_2018-irs-w9-form-copy-(23).pdf_0.jpg	VALIDATE
4feb2021_w9_native-uipath_2018-irs-w9-form-spanish-copy-(3).pdf_0.jpg	TRAIN
4feb2021_w9_native-uipath_2018-irs-w9-form-copy-(10).pdf_0.jpg	VALIDATE
4feb2021_w9_native-uipath_2018-irs-w9-form-spanish-copy-(29).pdf_0.jpg	TRAIN
4feb2021_w9_scan_google_camscanner-handwriting.pdf_28.jpg	TRAIN
4feb2021_w9_scan_google_doc012-handwriting.pdf_22.jpg	TRAIN
4feb2021_w9_scan_google_camscanner-handwriting.pdf_68.jpg	TRAIN
4feb2021_w9_scan_uipath_camscanner-print.pdf_34.jpg	VALIDATE
4feb2021_w9_scan_uipath_camscanner-print.pdf_62.jpg	TRAIN
4feb2021_w9_scan_uipath_doc010-print.pdf_6.jpg	TRAIN
4feb2021_w9_native-uipath_2018-irs-w9-form-copy-(30).pdf_0.jpg	TRAIN
4feb2021_w9_native-uipath_2018-irs-w9-form-spanish-copy-(12).pdf_0.jpg	TRAIN
4feb2021_w9_scan_google_doc012-handwriting.pdf_18.jpg	TRAIN
4feb2021_w9_scan_uipath_doc010-print.pdf_15.jpg	TRAIN
4feb2021_w9_scan_google_doc010-handwriting.pdf_2.jpg	TRAIN
4feb2021_w9_native-uipath_2018-irs-w9-form-spanish-copy-(24).pdf_0.jpg	TRAIN
4feb2021_w9_scan_google_doc012-handwriting.pdf_4.jpg	VALIDATE
4feb2021_w9_scan_google_camscanner-handwriting.pdf_8.jpg	TRAIN
4feb2021_w9_scan_google_camscanner-handwriting.pdf_45.jpg	TRAIN
4feb2021_w9_scan_google_doc012-handwriting.pdf_20.jpg	TRAIN
4feb2021_w9_scan_uipath_camscanner-print.pdf_39.jpg	TRAIN
4feb2021_w9_scan_uipath_doc011-print.pdf_30.jpg	TRAIN
4feb2021_w9_scan_uipath_camscanner-print.pdf_52.jpg	TRAIN
4feb2021_w9_scan_uipath_doc012-print.pdf_0.jpg	VALIDATE
4feb2021_w9_scan_google_camscanner-handwriting.pdf_17.jpg	VALIDATE
4feb2021_w9_scan_google_camscanner-handwriting.pdf_22.jpg	VALIDATE
4feb2021_w9_scan_uipath_doc011-print.pdf_9.jpg	TRAIN
4feb2021_w9_scan_google_doc012-handwriting.pdf_16.jpg	TRAIN
4feb2021_w9_scan_google_camscanner-handwriting.pdf_57.jpg	TRAIN
4feb2021_w9_scan_uipath_doc011-print.pdf_19.jpg	TRAIN
4feb2021_w9_native-uipath_2018-irs-w9-form-copy-(28).pdf_0.jpg	TRAIN
4feb2021_w9_scan_uipath_doc012-print.pdf_2.jpg	TRAIN
4feb2021_w9_native-uipath_2018-irs-w9-form-copy-(15).pdf_0.jpg	TRAIN
4feb2021_w9_native-uipath_2018-irs-w9-form-spanish-copy-(28).pdf_0.jpg	TRAIN
4feb2021_w9_native-uipath_2018-irs-w9-form-copy-(2).pdf_0.jpg	TRAIN
4feb2021_w9_scan_google_camscanner-handwriting.pdf_29.jpg	TRAIN
4feb2021_w9_scan_google_camscanner-handwriting.pdf_34.jpg	TRAIN
4feb2021_w9_native-uipath_2018-irs-w9-form-spanish-copy-(8).pdf_0.jpg	VALIDATE
4feb2021_w9_scan_google_camscanner-handwriting.pdf_60.jpg	TRAIN
4feb2021_w9_native-uipath_2018-irs-w9-form-copy-(22).pdf_0.jpg	TRAIN
4feb2021_w9_scan_google_camscanner-handwriting.pdf_69.jpg	TRAIN
4feb2021_w9_scan_google_doc012-handwriting.pdf_1.jpg	TRAIN
4feb2021_w9_native-uipath_2018-irs-w9-form-copy-(4).pdf_0.jpg	TRAIN
4feb2021_w9_native-uipath_2018-irs-w9-form-spanish-copy-(11).pdf_0.jpg	TRAIN
4feb2021_w9_scan_google_camscanner-handwriting.pdf_2.jpg	VALIDATE
4feb2021_w9_scan_google_camscanner-handwriting.pdf_11.jpg	TRAIN
4feb2021_w9_native-uipath_2018-irs-w9-form-spanish-copy-(23).pdf_0.jpg	TRAIN
4feb2021_w9_scan_google_doc012-handwriting.pdf_14.jpg	TRAIN
4feb2021_w9_scan_uipath_camscanner-print.pdf_7.jpg	TRAIN
4feb2021_w9_scan_google_camscanner-handwriting.pdf_46.jpg	TRAIN
4feb2021_w9_scan_uipath_camscanner-print.pdf_14.jpg	TRAIN
4feb2021_w9_scan_uipath_camscanner-print.pdf_35.jpg	TRAIN
4feb2021_w9_scan_uipath_camscanner-print.pdf_42.jpg	TRAIN
4feb2021_w9_scan_uipath_camscanner-print.pdf_63.jpg	VALIDATE
4feb2021_w9_scan_uipath_doc010-print.pdf_9.jpg	TRAIN
4feb2021_w9_scan_google_doc011-handwriting.pdf_1.jpg	TRAIN
4feb2021_w9_scan_uipath_doc011-print.pdf_2.jpg	TRAIN
4feb2021_w9_scan_uipath_doc011-print.pdf_13.jpg	VALIDATE
4feb2021_w9_scan_uipath_camscanner-print.pdf_6.jpg	TRAIN
4feb2021_w9_scan_google_camscanner-handwriting.pdf_23.jpg	TRAIN
4feb2021_w9_scan_google_doc012-handwriting.pdf_12.jpg	TRAIN
4feb2021_w9_native-uipath_2018-irs-w9-form-spanish-copy-(5).pdf_0.jpg	TRAIN
4feb2021_w9_scan_uipath_doc010-print.pdf_24.jpg	TRAIN
4feb2021_w9_scan_google_camscanner-handwriting.pdf_58.jpg	TRAIN
4feb2021_w9_scan_google_camscanner-handwriting.pdf_63.jpg	TRAIN
4feb2021_w9_scan_uipath_doc010-print.pdf_2.jpg	TRAIN
4feb2021_w9_scan_uipath_doc011-print.pdf_24.jpg	TRAIN
4feb2021_w9_native-uipath_2018-irs-w9-form-spanish-copy-(27).pdf_0.jpg	TRAIN
4feb2021_w9_scan_uipath_camscanner-print.pdf_53.jpg	TRAIN
4feb2021_w9_scan_uipath_doc010-print.pdf_13.jpg	VALIDATE
4feb2021_w9_native-uipath_2018-irs-w9-form-copy-(27).pdf_0.jpg	TRAIN
4feb2021_w9_native-uipath_2018-irs-w9-form-copy-(14).pdf_0.jpg	TRAIN
4feb2021_w9_scan_google_camscanner-handwriting.pdf_35.jpg	TRAIN
4feb2021_w9_scan_google_doc012-handwriting.pdf_3.jpg	VALIDATE
4feb2021_w9_scan_google_camscanner-handwriting.pdf_40.jpg	TRAIN
4feb2021_w9_scan_google_doc010-handwriting.pdf_1.jpg	TRAIN
4feb2021_w9_native-uipath_2018-irs-w9-form-spanish-copy-(10).pdf_0.jpg	TRAIN
4feb2021_w9_scan_google_doc011-handwriting.pdf_12.jpg	TRAIN
4feb2021_w9_scan_google_doc012-handwriting.pdf_10.jpg	TRAIN
4feb2021_w9_native-uipath_2018-irs-w9-form-copy-(34).pdf_0.jpg	TRAIN
4feb2021_w9_native-uipath_2018-irs-w9-form-spanish-copy-(22).pdf_0.jpg	TRAIN
4feb2021_w9_native-uipath_2018-irs-w9-form-copy-(21).pdf_0.jpg	TRAIN
4feb2021_w9_scan_google_camscanner-handwriting.pdf_12.jpg	TRAIN
4feb2021_w9_scan_google_doc012-handwriting.pdf_34.jpg	TRAIN
4feb2021_w9_native-uipath_2018-irs-w9-form-copy-(5).pdf_0.jpg	TRAIN
4feb2021_w9_scan_google_camscanner-handwriting.pdf_47.jpg	TRAIN
4feb2021_w9_scan_google_camscanner-handwriting.pdf_52.jpg	TRAIN
4feb2021_w9_scan_uipath_camscanner-print.pdf_5.jpg	TRAIN
4feb2021_w9_scan_uipath_camscanner-print.pdf_10.jpg	TRAIN
4feb2021_w9_scan_uipath_camscanner-print.pdf_25.jpg	TRAIN
4feb2021_w9_scan_uipath_camscanner-print.pdf_43.jpg	VALIDATE
4feb2021_w9_scan_google_doc011-handwriting.pdf_3.jpg	TRAIN
4feb2021_w9_native-uipath_2018-irs-w9-form-copy-(7).pdf_0.jpg	TRAIN
4feb2021_w9_scan_uipath_camscanner-print.pdf_15.jpg	TRAIN
4feb2021_w9_scan_google_doc011-handwriting.pdf_10.jpg	VALIDATE
4feb2021_w9_scan_google_camscanner-handwriting.pdf_24.jpg	TRAIN
4feb2021_w9_scan_uipath_camscanner-print.pdf_58.jpg	TRAIN
4feb2021_w9_scan_uipath_doc011-print.pdf_4.jpg	TRAIN
4feb2021_w9_scan_uipath_doc011-print.pdf_17.jpg	TRAIN
4feb2021_w9_scan_google_camscanner-handwriting.pdf_64.jpg	TRAIN
4feb2021_w9_native-uipath_2018-irs-w9-form-copy-(9).pdf_0.jpg	TRAIN
4feb2021_w9_scan_google_doc012-handwriting.pdf_0.jpg	TRAIN
4feb2021_w9_scan_uipath_camscanner-print.pdf_4.jpg	TRAIN
4feb2021_w9_native-uipath_2018-irs-w9-form-copy-(19).pdf_0.jpg	TRAIN
4feb2021_w9_scan_google_camscanner-handwriting.pdf_1.jpg	TRAIN
4feb2021_w9_scan_uipath_camscanner-print.pdf_48.jpg	TRAIN
4feb2021_w9_scan_google_doc012-handwriting.pdf_28.jpg	VALIDATE
4feb2021_w9_scan_uipath_camscanner-print.pdf_61.jpg	VALIDATE
4feb2021_w9_scan_google_camscanner-handwriting.pdf_5.jpg	TRAIN
4feb2021_w9_scan_google_doc010-handwriting.pdf_3.jpg	TRAIN
4feb2021_w9_scan_google_camscanner-handwriting.pdf_41.jpg	TRAIN
4feb2021_w9_scan_uipath_camscanner-print.pdf_33.jpg	VALIDATE
4feb2021_w9_scan_google_camscanner-handwriting.pdf_9.jpg	TRAIN
4feb2021_w9_native-uipath_2018-irs-w9-form-copy-(26).pdf_0.jpg	TRAIN
4feb2021_w9_scan_uipath_doc010-print.pdf_4.jpg	TRAIN
4feb2021_w9_native-uipath_2018-irs-w9-form-copy-(13).pdf_0.jpg	VALIDATE
4feb2021_w9_scan_uipath_doc010-print.pdf_17.jpg	TRAIN
4feb2021_w9_scan_google_doc011-handwriting.pdf_0.jpg	TRAIN