<?xml version="1.0" encoding="utf-8"?>
<helpItems schema="maml" xmlns="http://msh">
  <command:command xmlns:maml="http://schemas.microsoft.com/maml/2004/10" xmlns:command="http://schemas.microsoft.com/maml/dev/command/2004/10" xmlns:dev="http://schemas.microsoft.com/maml/dev/2004/10" xmlns:MSHelp="http://msdn.microsoft.com/mshelp">
    <command:details>
      <command:name>Get-AzureRmContainerGroup</command:name>
      <command:verb>Get</command:verb>
      <command:noun>AzureRmContainerGroup</command:noun>
      <maml:description>
        <maml:para>Gets container groups.</maml:para>
      </maml:description>
    </command:details>
    <maml:description>
      <maml:para>The Get-AzureRmContainerGroup cmdlet gets a specified container group or all the container groups in a resource group or the subscription.</maml:para>
    </maml:description>
    <command:syntax>
      <command:syntaxItem>
        <maml:name>Get-AzureRmContainerGroup</maml:name>
        <command:parameter required="true" variableLength="true" globbing="false" pipelineInput="True (ByPropertyName)" position="0" aliases="none">
          <maml:name>ResourceGroupName</maml:name>
          <maml:Description>
            <maml:para>The resource Group Name.</maml:para>
          </maml:Description>
          <command:parameterValue required="true" variableLength="false">System.String</command:parameterValue>
          <dev:type>
            <maml:name>System.String</maml:name>
            <maml:uri />
          </dev:type>
          <dev:defaultValue>None</dev:defaultValue>
        </command:parameter>
        <command:parameter required="true" variableLength="true" globbing="false" pipelineInput="True (ByPropertyName)" position="1" aliases="none">
          <maml:name>Name</maml:name>
          <maml:Description>
            <maml:para>The container group Name.</maml:para>
          </maml:Description>
          <command:parameterValue required="true" variableLength="false">System.String</command:parameterValue>
          <dev:type>
            <maml:name>System.String</maml:name>
            <maml:uri />
          </dev:type>
          <dev:defaultValue>None</dev:defaultValue>
        </command:parameter>
        <command:parameter required="false" variableLength="true" globbing="false" pipelineInput="False" position="named" aliases="AzureRmContext, AzureCredential">
          <maml:name>DefaultProfile</maml:name>
          <maml:Description>
            <maml:para>The credentials, account, tenant, and subscription used for communication with azure.</maml:para>
          </maml:Description>
          <command:parameterValue required="true" variableLength="false">Microsoft.Azure.Commands.Common.Authentication.Abstractions.IAzureContextContainer</command:parameterValue>
          <dev:type>
            <maml:name>Microsoft.Azure.Commands.Common.Authentication.Abstractions.IAzureContextContainer</maml:name>
            <maml:uri />
          </dev:type>
          <dev:defaultValue>None</dev:defaultValue>
        </command:parameter>
      </command:syntaxItem>
      <command:syntaxItem>
        <maml:name>Get-AzureRmContainerGroup</maml:name>
        <command:parameter required="false" variableLength="true" globbing="false" pipelineInput="True (ByPropertyName)" position="0" aliases="none">
          <maml:name>ResourceGroupName</maml:name>
          <maml:Description>
            <maml:para>The resource Group Name.</maml:para>
          </maml:Description>
          <command:parameterValue required="true" variableLength="false">System.String</command:parameterValue>
          <dev:type>
            <maml:name>System.String</maml:name>
            <maml:uri />
          </dev:type>
          <dev:defaultValue>None</dev:defaultValue>
        </command:parameter>
        <command:parameter required="false" variableLength="true" globbing="false" pipelineInput="False" position="named" aliases="AzureRmContext, AzureCredential">
          <maml:name>DefaultProfile</maml:name>
          <maml:Description>
            <maml:para>The credentials, account, tenant, and subscription used for communication with azure.</maml:para>
          </maml:Description>
          <command:parameterValue required="true" variableLength="false">Microsoft.Azure.Commands.Common.Authentication.Abstractions.IAzureContextContainer</command:parameterValue>
          <dev:type>
            <maml:name>Microsoft.Azure.Commands.Common.Authentication.Abstractions.IAzureContextContainer</maml:name>
            <maml:uri />
          </dev:type>
          <dev:defaultValue>None</dev:defaultValue>
        </command:parameter>
      </command:syntaxItem>
      <command:syntaxItem>
        <maml:name>Get-AzureRmContainerGroup</maml:name>
        <command:parameter required="false" variableLength="true" globbing="false" pipelineInput="False" position="named" aliases="AzureRmContext, AzureCredential">
          <maml:name>DefaultProfile</maml:name>
          <maml:Description>
            <maml:para>The credentials, account, tenant, and subscription used for communication with azure.</maml:para>
          </maml:Description>
          <command:parameterValue required="true" variableLength="false">Microsoft.Azure.Commands.Common.Authentication.Abstractions.IAzureContextContainer</command:parameterValue>
          <dev:type>
            <maml:name>Microsoft.Azure.Commands.Common.Authentication.Abstractions.IAzureContextContainer</maml:name>
            <maml:uri />
          </dev:type>
          <dev:defaultValue>None</dev:defaultValue>
        </command:parameter>
        <command:parameter required="true" variableLength="true" globbing="false" pipelineInput="True (ByPropertyName)" position="named" aliases="none">
          <maml:name>ResourceId</maml:name>
          <maml:Description>
            <maml:para>The resource id.</maml:para>
          </maml:Description>
          <command:parameterValue required="true" variableLength="false">System.String</command:parameterValue>
          <dev:type>
            <maml:name>System.String</maml:name>
            <maml:uri />
          </dev:type>
          <dev:defaultValue>None</dev:defaultValue>
        </command:parameter>
      </command:syntaxItem>
    </command:syntax>
    <command:parameters>
      <command:parameter required="false" variableLength="true" globbing="false" pipelineInput="False" position="named" aliases="AzureRmContext, AzureCredential">
        <maml:name>DefaultProfile</maml:name>
        <maml:Description>
          <maml:para>The credentials, account, tenant, and subscription used for communication with azure.</maml:para>
        </maml:Description>
        <command:parameterValue required="true" variableLength="false">Microsoft.Azure.Commands.Common.Authentication.Abstractions.IAzureContextContainer</command:parameterValue>
        <dev:type>
          <maml:name>Microsoft.Azure.Commands.Common.Authentication.Abstractions.IAzureContextContainer</maml:name>
          <maml:uri />
        </dev:type>
        <dev:defaultValue>None</dev:defaultValue>
      </command:parameter>
      <command:parameter required="true" variableLength="true" globbing="false" pipelineInput="True (ByPropertyName)" position="1" aliases="none">
        <maml:name>Name</maml:name>
        <maml:Description>
          <maml:para>The container group Name.</maml:para>
        </maml:Description>
        <command:parameterValue required="true" variableLength="false">System.String</command:parameterValue>
        <dev:type>
          <maml:name>System.String</maml:name>
          <maml:uri />
        </dev:type>
        <dev:defaultValue>None</dev:defaultValue>
      </command:parameter>
      <command:parameter required="false" variableLength="true" globbing="false" pipelineInput="True (ByPropertyName)" position="0" aliases="none">
        <maml:name>ResourceGroupName</maml:name>
        <maml:Description>
          <maml:para>The resource Group Name.</maml:para>
        </maml:Description>
        <command:parameterValue required="true" variableLength="false">System.String</command:parameterValue>
        <dev:type>
          <maml:name>System.String</maml:name>
          <maml:uri />
        </dev:type>
        <dev:defaultValue>None</dev:defaultValue>
      </command:parameter>
      <command:parameter required="true" variableLength="true" globbing="false" pipelineInput="True (ByPropertyName)" position="named" aliases="none">
        <maml:name>ResourceId</maml:name>
        <maml:Description>
          <maml:para>The resource id.</maml:para>
        </maml:Description>
        <command:parameterValue required="true" variableLength="false">System.String</command:parameterValue>
        <dev:type>
          <maml:name>System.String</maml:name>
          <maml:uri />
        </dev:type>
        <dev:defaultValue>None</dev:defaultValue>
      </command:parameter>
    </command:parameters>
    <command:inputTypes>
      <command:inputType>
        <dev:type>
          <maml:name>System.String</maml:name>
        </dev:type>
        <maml:description>
          <maml:para></maml:para>
        </maml:description>
      </command:inputType>
    </command:inputTypes>
    <command:returnValues>
      <command:returnValue>
        <dev:type>
          <maml:name>Microsoft.Azure.Commands.ContainerInstance.Models.PSContainerGroup</maml:name>
        </dev:type>
        <maml:description>
          <maml:para></maml:para>
        </maml:description>
      </command:returnValue>
    </command:returnValues>
    <maml:alertSet>
      <maml:alert>
        <maml:para></maml:para>
      </maml:alert>
    </maml:alertSet>
    <command:examples>
      <command:example>
        <maml:title>Example 1: Gets a specified container group</maml:title>
        <dev:code>PS C:\&gt; Get-AzureRmContainerGroup -ResourceGroupName demo -Name mycontainer

ResourceGroupName        : demo
Id                       : /subscriptions/ae43b1e3-c35d-4c8c-bc0d-f148b4c52b78/resourceGroups/demo/providers/Microsoft.ContainerInstance/containerGroups/mycontainer
Name                     : mycontainer
Type                     : Microsoft.ContainerInstance/containerGroups
Location                 : westus
Tags                     :
ProvisioningState        : Succeeded
Containers               : {mycontainer}
ImageRegistryCredentials :
RestartPolicy            :
IpAddress                : 13.88.10.240
Ports                    : {8000}
OsType                   : Linux
Volumes                  :
State                    : Running
Events                   : {}</dev:code>
        <dev:remarks>
          <maml:para>The command gets the specified container group.</maml:para>
<maml:para></maml:para>
<maml:para></maml:para>
        </dev:remarks>
      </command:example>
      <command:example>
        <maml:title>Example 2: Gets container groups in a resource group</maml:title>
        <dev:code>PS C:\&gt; Get-AzureRmContainerGroup -ResourceGroupName demo

ResourceGroupName Name                     Location   OsType  Image                         IP                   Resources        ProvisioningState
----------------- ----                     --------   ------  -----                         --                   ---------        -----------------
demo              container1               west us    Linux   alpine:latest                 40.83.144.50:8002    1 cores/1 gb             Succeeded
demo              container2               west us    Linux   alpine:latest                 104.42.228.253:8001  1 cores/1 gb             Succeeded</dev:code>
        <dev:remarks>
          <maml:para>The command gets the container groups in the resource group `demo`.</maml:para>
<maml:para></maml:para>
<maml:para></maml:para>
        </dev:remarks>
      </command:example>
      <command:example>
        <maml:title>Example 3: Gets container groups in the current subscription</maml:title>
        <dev:code>PS C:\&gt; Get-AzureRmContainerGroup

ResourceGroupName Name                     Location   OsType  Image                         IP                   Resources        ProvisioningState
----------------- ----                     --------   ------  -----                         --                   ---------        -----------------
demo1             container1               west us    Linux   alpine:latest                 40.83.144.50:8002    1 cores/1 gb             Succeeded
demo2             container2               west us    Linux   alpine:latest                 104.42.228.253:8001  1 cores/1 gb             Succeeded</dev:code>
        <dev:remarks>
          <maml:para>The command gets the container groups in the current subscription.</maml:para>
<maml:para></maml:para>
<maml:para></maml:para>
        </dev:remarks>
      </command:example>
      <command:example>
        <maml:title>Example 4: Gets container groups using resource Id.</maml:title>
        <dev:code>PS C:\&gt; Find-AzureRmResource -ResourceGroupEquals demo -ResourceNameEquals mycontainer | Get-AzureRmContainerGroup

ResourceGroupName        : demo
Id                       : /subscriptions/ae43b1e3-c35d-4c8c-bc0d-f148b4c52b78/resourceGroups/demo/providers/Microsoft.ContainerInstance/containerGroups/mycontainer
Name                     : mycontainer
Type                     : Microsoft.ContainerInstance/containerGroups
Location                 : westus
Tags                     :
ProvisioningState        : Succeeded
Containers               : {mycontainer}
ImageRegistryCredentials :
RestartPolicy            :
IpAddress                : 13.88.10.240
Ports                    : {8000}
OsType                   : Linux
Volumes                  :
State                    : Running
Events                   : {}</dev:code>
        <dev:remarks>
          <maml:para>The command gets the container group with the resource Id.</maml:para>
<maml:para></maml:para>
<maml:para></maml:para>
        </dev:remarks>
      </command:example>
    </command:examples>
    <command:relatedLinks>
      <maml:navigationLink>
        <maml:linkText>Online Version:</maml:linkText>
        <maml:uri>https://docs.microsoft.com/en-us/powershell/module/azurerm.containerinstance/get-azurermcontainergroup</maml:uri>
      </maml:navigationLink>
    </command:relatedLinks>
  </command:command>
  <command:command xmlns:maml="http://schemas.microsoft.com/maml/2004/10" xmlns:command="http://schemas.microsoft.com/maml/dev/command/2004/10" xmlns:dev="http://schemas.microsoft.com/maml/dev/2004/10" xmlns:MSHelp="http://msdn.microsoft.com/mshelp">
    <command:details>
      <command:name>Get-AzureRmContainerInstanceLog</command:name>
      <command:verb>Get</command:verb>
      <command:noun>AzureRmContainerInstanceLog</command:noun>
      <maml:description>
        <maml:para>Get the logs of a container instance in a container group.</maml:para>
      </maml:description>
    </command:details>
    <maml:description>
      <maml:para>The Get-AzureRmContainerInstanceLog cmdlet gets the logs of a container in a container group.</maml:para>
    </maml:description>
    <command:syntax>
      <command:syntaxItem>
        <maml:name>Get-AzureRmContainerInstanceLog</maml:name>
        <command:parameter required="true" variableLength="true" globbing="false" pipelineInput="False" position="0" aliases="none">
          <maml:name>ResourceGroupName</maml:name>
          <maml:Description>
            <maml:para>The resource group name.</maml:para>
          </maml:Description>
          <command:parameterValue required="true" variableLength="false">System.String</command:parameterValue>
          <dev:type>
            <maml:name>System.String</maml:name>
            <maml:uri />
          </dev:type>
          <dev:defaultValue>None</dev:defaultValue>
        </command:parameter>
        <command:parameter required="true" variableLength="true" globbing="false" pipelineInput="False" position="named" aliases="none">
          <maml:name>ContainerGroupName</maml:name>
          <maml:Description>
            <maml:para>The container group name.</maml:para>
          </maml:Description>
          <command:parameterValue required="true" variableLength="false">System.String</command:parameterValue>
          <dev:type>
            <maml:name>System.String</maml:name>
            <maml:uri />
          </dev:type>
          <dev:defaultValue>None</dev:defaultValue>
        </command:parameter>
        <command:parameter required="false" variableLength="true" globbing="false" pipelineInput="False" position="named" aliases="AzureRmContext, AzureCredential">
          <maml:name>DefaultProfile</maml:name>
          <maml:Description>
            <maml:para>The credentials, account, tenant, and subscription used for communication with azure.</maml:para>
          </maml:Description>
          <command:parameterValue required="true" variableLength="false">Microsoft.Azure.Commands.Common.Authentication.Abstractions.IAzureContextContainer</command:parameterValue>
          <dev:type>
            <maml:name>Microsoft.Azure.Commands.Common.Authentication.Abstractions.IAzureContextContainer</maml:name>
            <maml:uri />
          </dev:type>
          <dev:defaultValue>None</dev:defaultValue>
        </command:parameter>
        <command:parameter required="false" variableLength="true" globbing="false" pipelineInput="False" position="named" aliases="none">
          <maml:name>Name</maml:name>
          <maml:Description>
            <maml:para>The container instance name in the container group. Default: the same as the container group name</maml:para>
          </maml:Description>
          <command:parameterValue required="true" variableLength="false">System.String</command:parameterValue>
          <dev:type>
            <maml:name>System.String</maml:name>
            <maml:uri />
          </dev:type>
          <dev:defaultValue>None</dev:defaultValue>
        </command:parameter>
        <command:parameter required="false" variableLength="true" globbing="false" pipelineInput="False" position="named" aliases="none">
          <maml:name>Tail</maml:name>
          <maml:Description>
            <maml:para>The number of lines to tail the log. If not specify, the cmdlet will return up to 4MB tailed log</maml:para>
          </maml:Description>
          <command:parameterValue required="true" variableLength="false">System.Nullable`1[System.Int32]</command:parameterValue>
          <dev:type>
            <maml:name>System.Nullable`1[System.Int32]</maml:name>
            <maml:uri />
          </dev:type>
          <dev:defaultValue>None</dev:defaultValue>
        </command:parameter>
      </command:syntaxItem>
      <command:syntaxItem>
        <maml:name>Get-AzureRmContainerInstanceLog</maml:name>
        <command:parameter required="false" variableLength="true" globbing="false" pipelineInput="False" position="named" aliases="AzureRmContext, AzureCredential">
          <maml:name>DefaultProfile</maml:name>
          <maml:Description>
            <maml:para>The credentials, account, tenant, and subscription used for communication with azure.</maml:para>
          </maml:Description>
          <command:parameterValue required="true" variableLength="false">Microsoft.Azure.Commands.Common.Authentication.Abstractions.IAzureContextContainer</command:parameterValue>
          <dev:type>
            <maml:name>Microsoft.Azure.Commands.Common.Authentication.Abstractions.IAzureContextContainer</maml:name>
            <maml:uri />
          </dev:type>
          <dev:defaultValue>None</dev:defaultValue>
        </command:parameter>
        <command:parameter required="true" variableLength="true" globbing="false" pipelineInput="True (ByValue)" position="named" aliases="none">
          <maml:name>InputContainerGroup</maml:name>
          <maml:Description>
            <maml:para>The input container group object.</maml:para>
          </maml:Description>
          <command:parameterValue required="true" variableLength="false">Microsoft.Azure.Commands.ContainerInstance.Models.PSContainerGroup</command:parameterValue>
          <dev:type>
            <maml:name>Microsoft.Azure.Commands.ContainerInstance.Models.PSContainerGroup</maml:name>
            <maml:uri />
          </dev:type>
          <dev:defaultValue>None</dev:defaultValue>
        </command:parameter>
        <command:parameter required="false" variableLength="true" globbing="false" pipelineInput="False" position="named" aliases="none">
          <maml:name>Name</maml:name>
          <maml:Description>
            <maml:para>The container instance name in the container group. Default: the same as the container group name</maml:para>
          </maml:Description>
          <command:parameterValue required="true" variableLength="false">System.String</command:parameterValue>
          <dev:type>
            <maml:name>System.String</maml:name>
            <maml:uri />
          </dev:type>
          <dev:defaultValue>None</dev:defaultValue>
        </command:parameter>
        <command:parameter required="false" variableLength="true" globbing="false" pipelineInput="False" position="named" aliases="none">
          <maml:name>Tail</maml:name>
          <maml:Description>
            <maml:para>The number of lines to tail the log. If not specify, the cmdlet will return up to 4MB tailed log</maml:para>
          </maml:Description>
          <command:parameterValue required="true" variableLength="false">System.Nullable`1[System.Int32]</command:parameterValue>
          <dev:type>
            <maml:name>System.Nullable`1[System.Int32]</maml:name>
            <maml:uri />
          </dev:type>
          <dev:defaultValue>None</dev:defaultValue>
        </command:parameter>
      </command:syntaxItem>
      <command:syntaxItem>
        <maml:name>Get-AzureRmContainerInstanceLog</maml:name>
        <command:parameter required="false" variableLength="true" globbing="false" pipelineInput="False" position="named" aliases="AzureRmContext, AzureCredential">
          <maml:name>DefaultProfile</maml:name>
          <maml:Description>
            <maml:para>The credentials, account, tenant, and subscription used for communication with azure.</maml:para>
          </maml:Description>
          <command:parameterValue required="true" variableLength="false">Microsoft.Azure.Commands.Common.Authentication.Abstractions.IAzureContextContainer</command:parameterValue>
          <dev:type>
            <maml:name>Microsoft.Azure.Commands.Common.Authentication.Abstractions.IAzureContextContainer</maml:name>
            <maml:uri />
          </dev:type>
          <dev:defaultValue>None</dev:defaultValue>
        </command:parameter>
        <command:parameter required="false" variableLength="true" globbing="false" pipelineInput="False" position="named" aliases="none">
          <maml:name>Name</maml:name>
          <maml:Description>
            <maml:para>The container instance name in the container group. Default: the same as the container group name</maml:para>
          </maml:Description>
          <command:parameterValue required="true" variableLength="false">System.String</command:parameterValue>
          <dev:type>
            <maml:name>System.String</maml:name>
            <maml:uri />
          </dev:type>
          <dev:defaultValue>None</dev:defaultValue>
        </command:parameter>
        <command:parameter required="true" variableLength="true" globbing="false" pipelineInput="True (ByPropertyName)" position="named" aliases="none">
          <maml:name>ResourceId</maml:name>
          <maml:Description>
            <maml:para>The resource id.</maml:para>
          </maml:Description>
          <command:parameterValue required="true" variableLength="false">System.String</command:parameterValue>
          <dev:type>
            <maml:name>System.String</maml:name>
            <maml:uri />
          </dev:type>
          <dev:defaultValue>None</dev:defaultValue>
        </command:parameter>
        <command:parameter required="false" variableLength="true" globbing="false" pipelineInput="False" position="named" aliases="none">
          <maml:name>Tail</maml:name>
          <maml:Description>
            <maml:para>The number of lines to tail the log. If not specify, the cmdlet will return up to 4MB tailed log</maml:para>
          </maml:Description>
          <command:parameterValue required="true" variableLength="false">System.Nullable`1[System.Int32]</command:parameterValue>
          <dev:type>
            <maml:name>System.Nullable`1[System.Int32]</maml:name>
            <maml:uri />
          </dev:type>
          <dev:defaultValue>None</dev:defaultValue>
        </command:parameter>
      </command:syntaxItem>
    </command:syntax>
    <command:parameters>
      <command:parameter required="true" variableLength="true" globbing="false" pipelineInput="False" position="named" aliases="none">
        <maml:name>ContainerGroupName</maml:name>
        <maml:Description>
          <maml:para>The container group name.</maml:para>
        </maml:Description>
        <command:parameterValue required="true" variableLength="false">System.String</command:parameterValue>
        <dev:type>
          <maml:name>System.String</maml:name>
          <maml:uri />
        </dev:type>
        <dev:defaultValue>None</dev:defaultValue>
      </command:parameter>
      <command:parameter required="false" variableLength="true" globbing="false" pipelineInput="False" position="named" aliases="AzureRmContext, AzureCredential">
        <maml:name>DefaultProfile</maml:name>
        <maml:Description>
          <maml:para>The credentials, account, tenant, and subscription used for communication with azure.</maml:para>
        </maml:Description>
        <command:parameterValue required="true" variableLength="false">Microsoft.Azure.Commands.Common.Authentication.Abstractions.IAzureContextContainer</command:parameterValue>
        <dev:type>
          <maml:name>Microsoft.Azure.Commands.Common.Authentication.Abstractions.IAzureContextContainer</maml:name>
          <maml:uri />
        </dev:type>
        <dev:defaultValue>None</dev:defaultValue>
      </command:parameter>
      <command:parameter required="true" variableLength="true" globbing="false" pipelineInput="True (ByValue)" position="named" aliases="none">
        <maml:name>InputContainerGroup</maml:name>
        <maml:Description>
          <maml:para>The input container group object.</maml:para>
        </maml:Description>
        <command:parameterValue required="true" variableLength="false">Microsoft.Azure.Commands.ContainerInstance.Models.PSContainerGroup</command:parameterValue>
        <dev:type>
          <maml:name>Microsoft.Azure.Commands.ContainerInstance.Models.PSContainerGroup</maml:name>
          <maml:uri />
        </dev:type>
        <dev:defaultValue>None</dev:defaultValue>
      </command:parameter>
      <command:parameter required="false" variableLength="true" globbing="false" pipelineInput="False" position="named" aliases="none">
        <maml:name>Name</maml:name>
        <maml:Description>
          <maml:para>The container instance name in the container group. Default: the same as the container group name</maml:para>
        </maml:Description>
        <command:parameterValue required="true" variableLength="false">System.String</command:parameterValue>
        <dev:type>
          <maml:name>System.String</maml:name>
          <maml:uri />
        </dev:type>
        <dev:defaultValue>None</dev:defaultValue>
      </command:parameter>
      <command:parameter required="true" variableLength="true" globbing="false" pipelineInput="False" position="0" aliases="none">
        <maml:name>ResourceGroupName</maml:name>
        <maml:Description>
          <maml:para>The resource group name.</maml:para>
        </maml:Description>
        <command:parameterValue required="true" variableLength="false">System.String</command:parameterValue>
        <dev:type>
          <maml:name>System.String</maml:name>
          <maml:uri />
        </dev:type>
        <dev:defaultValue>None</dev:defaultValue>
      </command:parameter>
      <command:parameter required="true" variableLength="true" globbing="false" pipelineInput="True (ByPropertyName)" position="named" aliases="none">
        <maml:name>ResourceId</maml:name>
        <maml:Description>
          <maml:para>The resource id.</maml:para>
        </maml:Description>
        <command:parameterValue required="true" variableLength="false">System.String</command:parameterValue>
        <dev:type>
          <maml:name>System.String</maml:name>
          <maml:uri />
        </dev:type>
        <dev:defaultValue>None</dev:defaultValue>
      </command:parameter>
      <command:parameter required="false" variableLength="true" globbing="false" pipelineInput="False" position="named" aliases="none">
        <maml:name>Tail</maml:name>
        <maml:Description>
          <maml:para>The number of lines to tail the log. If not specify, the cmdlet will return up to 4MB tailed log</maml:para>
        </maml:Description>
        <command:parameterValue required="true" variableLength="false">System.Nullable`1[System.Int32]</command:parameterValue>
        <dev:type>
          <maml:name>System.Nullable`1[System.Int32]</maml:name>
          <maml:uri />
        </dev:type>
        <dev:defaultValue>None</dev:defaultValue>
      </command:parameter>
    </command:parameters>
    <command:inputTypes>
      <command:inputType>
        <dev:type>
          <maml:name>Microsoft.Azure.Commands.ContainerInstance.Models.PSContainerGroup</maml:name>
        </dev:type>
        <maml:description>
          <maml:para>Parameters: InputContainerGroup (ByValue)</maml:para>
        </maml:description>
      </command:inputType>
      <command:inputType>
        <dev:type>
          <maml:name>System.String</maml:name>
        </dev:type>
        <maml:description>
          <maml:para></maml:para>
        </maml:description>
      </command:inputType>
    </command:inputTypes>
    <command:returnValues>
      <command:returnValue>
        <dev:type>
          <maml:name>System.String</maml:name>
        </dev:type>
        <maml:description>
          <maml:para></maml:para>
        </maml:description>
      </command:returnValue>
    </command:returnValues>
    <maml:alertSet>
      <maml:alert>
        <maml:para></maml:para>
      </maml:alert>
    </maml:alertSet>
    <command:examples>
      <command:example>
        <maml:title>Example 1: Get the tail log of a container instance</maml:title>
        <dev:code>PS C:\&gt; Get-AzureRmContainerInstanceLog -ResourceGroupName demo -ContainerGroupName mycontainer -Name container1

Log line 1.
Log line 2.
Log line 3.
Log line 4.</dev:code>
        <dev:remarks>
          <maml:para>Get the log from `container1` in container group `mycontainer`. By default, it will return up to 4MB log content.</maml:para>
<maml:para></maml:para>
<maml:para></maml:para>
        </dev:remarks>
      </command:example>
      <command:example>
        <maml:title>Example 2: Get the tail log of a container instance that has the same name as the container group</maml:title>
        <dev:code>PS C:\&gt; Get-AzureRmContainerInstanceLog -ResourceGroupName demo -ContainerGroupName mycontainer

Log line 1.
Log line 2.
Log line 3.
Log line 4.</dev:code>
        <dev:remarks>
          <maml:para>Get the log from `mycontainer` in container group `mycontainer`. By default, it will return up to 4MB log content.</maml:para>
<maml:para></maml:para>
<maml:para></maml:para>
        </dev:remarks>
      </command:example>
      <command:example>
        <maml:title>Example 3: Get the tail 2 lines of log of a container instance</maml:title>
        <dev:code>PS C:\&gt; Get-AzureRmContainerInstanceLog -ResourceGroupName demo -ContainerGroupName mycontainer -Name container1 -Tail 2

Log line 3.
Log line 4.</dev:code>
        <dev:remarks>
          <maml:para>Get the tail 2 lines of log from `container1` in container group `mycontainer`.</maml:para>
<maml:para></maml:para>
<maml:para></maml:para>
        </dev:remarks>
      </command:example>
      <command:example>
        <maml:title>Example 4: Get the tail log of a container instance in a piped in container group</maml:title>
        <dev:code>PS C:\&gt; Get-AzureRmContainerGroup -ResourceGroupName demo -Name mycontainer | Get-AzureRmContainerInstanceLog

Log line 1.
Log line 2.
Log line 3.
Log line 4.</dev:code>
        <dev:remarks>
          <maml:para>Get the log from `mycontainer` in piped in container group `mycontainer`. By default, it will return up to 4MB log content.</maml:para>
<maml:para></maml:para>
<maml:para></maml:para>
        </dev:remarks>
      </command:example>
    </command:examples>
    <command:relatedLinks>
      <maml:navigationLink>
        <maml:linkText>Online Version:</maml:linkText>
        <maml:uri>https://docs.microsoft.com/en-us/powershell/module/azurerm.containerinstance/get-azurermcontainerinstancelog</maml:uri>
      </maml:navigationLink>
    </command:relatedLinks>
  </command:command>
  <command:command xmlns:maml="http://schemas.microsoft.com/maml/2004/10" xmlns:command="http://schemas.microsoft.com/maml/dev/command/2004/10" xmlns:dev="http://schemas.microsoft.com/maml/dev/2004/10" xmlns:MSHelp="http://msdn.microsoft.com/mshelp">
    <command:details>
      <command:name>New-AzureRmContainerGroup</command:name>
      <command:verb>New</command:verb>
      <command:noun>AzureRmContainerGroup</command:noun>
      <maml:description>
        <maml:para>Creates a container group.</maml:para>
      </maml:description>
    </command:details>
    <maml:description>
      <maml:para>The New-AzureRmContainerGroup cmdlets creates a container group.</maml:para>
    </maml:description>
    <command:syntax>
      <command:syntaxItem>
        <maml:name>New-AzureRmContainerGroup</maml:name>
        <command:parameter required="true" variableLength="true" globbing="false" pipelineInput="True (ByPropertyName)" position="0" aliases="none">
          <maml:name>ResourceGroupName</maml:name>
          <maml:Description>
            <maml:para>The resource group name.</maml:para>
          </maml:Description>
          <command:parameterValue required="true" variableLength="false">System.String</command:parameterValue>
          <dev:type>
            <maml:name>System.String</maml:name>
            <maml:uri />
          </dev:type>
          <dev:defaultValue>None</dev:defaultValue>
        </command:parameter>
        <command:parameter required="true" variableLength="true" globbing="false" pipelineInput="True (ByPropertyName)" position="1" aliases="none">
          <maml:name>Name</maml:name>
          <maml:Description>
            <maml:para>The container group name.</maml:para>
          </maml:Description>
          <command:parameterValue required="true" variableLength="false">System.String</command:parameterValue>
          <dev:type>
            <maml:name>System.String</maml:name>
            <maml:uri />
          </dev:type>
          <dev:defaultValue>None</dev:defaultValue>
        </command:parameter>
        <command:parameter required="true" variableLength="true" globbing="false" pipelineInput="False" position="2" aliases="none">
          <maml:name>Image</maml:name>
          <maml:Description>
            <maml:para>The container image.</maml:para>
          </maml:Description>
          <command:parameterValue required="true" variableLength="false">System.String</command:parameterValue>
          <dev:type>
            <maml:name>System.String</maml:name>
            <maml:uri />
          </dev:type>
          <dev:defaultValue>None</dev:defaultValue>
        </command:parameter>
        <command:parameter required="true" variableLength="true" globbing="false" pipelineInput="False" position="named" aliases="none">
          <maml:name>AzureFileVolumeAccountCredential</maml:name>
          <maml:Description>
            <maml:para>The storage account credential of the Azure File share to mount where the username is the storage account name and the key is the storage account key.</maml:para>
          </maml:Description>
          <command:parameterValue required="true" variableLength="false">System.Management.Automation.PSCredential</command:parameterValue>
          <dev:type>
            <maml:name>System.Management.Automation.PSCredential</maml:name>
            <maml:uri />
          </dev:type>
          <dev:defaultValue>None</dev:defaultValue>
        </command:parameter>
        <command:parameter required="true" variableLength="true" globbing="false" pipelineInput="False" position="named" aliases="none">
          <maml:name>AzureFileVolumeMountPath</maml:name>
          <maml:Description>
            <maml:para>The mount path for the Azure File volume.</maml:para>
          </maml:Description>
          <command:parameterValue required="true" variableLength="false">System.String</command:parameterValue>
          <dev:type>
            <maml:name>System.String</maml:name>
            <maml:uri />
          </dev:type>
          <dev:defaultValue>None</dev:defaultValue>
        </command:parameter>
        <command:parameter required="true" variableLength="true" globbing="false" pipelineInput="False" position="named" aliases="none">
          <maml:name>AzureFileVolumeShareName</maml:name>
          <maml:Description>
            <maml:para>The name of the Azure File share to mount.</maml:para>
          </maml:Description>
          <command:parameterValue required="true" variableLength="false">System.String</command:parameterValue>
          <dev:type>
            <maml:name>System.String</maml:name>
            <maml:uri />
          </dev:type>
          <dev:defaultValue>None</dev:defaultValue>
        </command:parameter>
        <command:parameter required="false" variableLength="true" globbing="false" pipelineInput="False" position="named" aliases="none">
          <maml:name>Command</maml:name>
          <maml:Description>
            <maml:para>The command to run in the container.</maml:para>
          </maml:Description>
          <command:parameterValue required="true" variableLength="false">System.String</command:parameterValue>
          <dev:type>
            <maml:name>System.String</maml:name>
            <maml:uri />
          </dev:type>
          <dev:defaultValue>None</dev:defaultValue>
        </command:parameter>
        <command:parameter required="false" variableLength="true" globbing="false" pipelineInput="False" position="named" aliases="none">
          <maml:name>Cpu</maml:name>
          <maml:Description>
            <maml:para>The required CPU cores. Default: 1</maml:para>
          </maml:Description>
          <command:parameterValue required="true" variableLength="false">System.Nullable`1[System.Int32]</command:parameterValue>
          <dev:type>
            <maml:name>System.Nullable`1[System.Int32]</maml:name>
            <maml:uri />
          </dev:type>
          <dev:defaultValue>None</dev:defaultValue>
        </command:parameter>
        <command:parameter required="false" variableLength="true" globbing="false" pipelineInput="False" position="named" aliases="AzureRmContext, AzureCredential">
          <maml:name>DefaultProfile</maml:name>
          <maml:Description>
            <maml:para>The credentials, account, tenant, and subscription used for communication with azure.</maml:para>
          </maml:Description>
          <command:parameterValue required="true" variableLength="false">Microsoft.Azure.Commands.Common.Authentication.Abstractions.IAzureContextContainer</command:parameterValue>
          <dev:type>
            <maml:name>Microsoft.Azure.Commands.Common.Authentication.Abstractions.IAzureContextContainer</maml:name>
            <maml:uri />
          </dev:type>
          <dev:defaultValue>None</dev:defaultValue>
        </command:parameter>
        <command:parameter required="false" variableLength="true" globbing="false" pipelineInput="False" position="named" aliases="none">
          <maml:name>DnsNameLabel</maml:name>
          <maml:Description>
            <maml:para>The DNS name label for the IP address.</maml:para>
          </maml:Description>
          <command:parameterValue required="true" variableLength="false">System.String</command:parameterValue>
          <dev:type>
            <maml:name>System.String</maml:name>
            <maml:uri />
          </dev:type>
          <dev:defaultValue>None</dev:defaultValue>
        </command:parameter>
        <command:parameter required="false" variableLength="true" globbing="false" pipelineInput="False" position="named" aliases="none">
          <maml:name>EnvironmentVariable</maml:name>
          <maml:Description>
            <maml:para>The container environment variables.</maml:para>
          </maml:Description>
          <command:parameterValue required="true" variableLength="false">System.Collections.Hashtable</command:parameterValue>
          <dev:type>
            <maml:name>System.Collections.Hashtable</maml:name>
            <maml:uri />
          </dev:type>
          <dev:defaultValue>None</dev:defaultValue>
        </command:parameter>
        <command:parameter required="false" variableLength="true" globbing="false" pipelineInput="False" position="named" aliases="none">
          <maml:name>IpAddressType</maml:name>
          <maml:Description>
            <maml:para>The IP address type.</maml:para>
          </maml:Description>
          <command:parameterValueGroup>
            <command:parameterValue required="false" command:variableLength="false">Public</command:parameterValue>
          </command:parameterValueGroup>
          <command:parameterValue required="true" variableLength="false">System.String</command:parameterValue>
          <dev:type>
            <maml:name>System.String</maml:name>
            <maml:uri />
          </dev:type>
          <dev:defaultValue>None</dev:defaultValue>
        </command:parameter>
        <command:parameter required="false" variableLength="true" globbing="false" pipelineInput="False" position="named" aliases="none">
          <maml:name>Location</maml:name>
          <maml:Description>
            <maml:para>The container group Location. Default to the location of the resource group.</maml:para>
          </maml:Description>
          <command:parameterValue required="true" variableLength="false">System.String</command:parameterValue>
          <dev:type>
            <maml:name>System.String</maml:name>
            <maml:uri />
          </dev:type>
          <dev:defaultValue>None</dev:defaultValue>
        </command:parameter>
        <command:parameter required="false" variableLength="true" globbing="false" pipelineInput="False" position="named" aliases="Memory">
          <maml:name>MemoryInGB</maml:name>
          <maml:Description>
            <maml:para>The required memory in GB. Default: 1.5</maml:para>
          </maml:Description>
          <command:parameterValue required="true" variableLength="false">System.Nullable`1[System.Double]</command:parameterValue>
          <dev:type>
            <maml:name>System.Nullable`1[System.Double]</maml:name>
            <maml:uri />
          </dev:type>
          <dev:defaultValue>None</dev:defaultValue>
        </command:parameter>
        <command:parameter required="false" variableLength="true" globbing="false" pipelineInput="False" position="named" aliases="none">
          <maml:name>OsType</maml:name>
          <maml:Description>
            <maml:para>The container OS type. Default: Linux</maml:para>
          </maml:Description>
          <command:parameterValueGroup>
            <command:parameterValue required="false" command:variableLength="false">Linux</command:parameterValue>
            <command:parameterValue required="false" command:variableLength="false">Windows</command:parameterValue>
          </command:parameterValueGroup>
          <command:parameterValue required="true" variableLength="false">System.String</command:parameterValue>
          <dev:type>
            <maml:name>System.String</maml:name>
            <maml:uri />
          </dev:type>
          <dev:defaultValue>None</dev:defaultValue>
        </command:parameter>
        <command:parameter required="false" variableLength="true" globbing="false" pipelineInput="False" position="named" aliases="none">
          <maml:name>Port</maml:name>
          <maml:Description>
            <maml:para>The port(s) to open. Default: [80]</maml:para>
          </maml:Description>
          <command:parameterValue required="true" variableLength="false">System.Int32[]</command:parameterValue>
          <dev:type>
            <maml:name>System.Int32[]</maml:name>
            <maml:uri />
          </dev:type>
          <dev:defaultValue>None</dev:defaultValue>
        </command:parameter>
        <command:parameter required="false" variableLength="true" globbing="false" pipelineInput="False" position="named" aliases="none">
          <maml:name>RegistryCredential</maml:name>
          <maml:Description>
            <maml:para>The custom container registry credential.</maml:para>
          </maml:Description>
          <command:parameterValue required="true" variableLength="false">System.Management.Automation.PSCredential</command:parameterValue>
          <dev:type>
            <maml:name>System.Management.Automation.PSCredential</maml:name>
            <maml:uri />
          </dev:type>
          <dev:defaultValue>None</dev:defaultValue>
        </command:parameter>
        <command:parameter required="false" variableLength="true" globbing="false" pipelineInput="False" position="named" aliases="RegistryServer">
          <maml:name>RegistryServerDomain</maml:name>
          <maml:Description>
            <maml:para>The custom container registry login server.</maml:para>
          </maml:Description>
          <command:parameterValue required="true" variableLength="false">System.String</command:parameterValue>
          <dev:type>
            <maml:name>System.String</maml:name>
            <maml:uri />
          </dev:type>
          <dev:defaultValue>None</dev:defaultValue>
        </command:parameter>
        <command:parameter required="false" variableLength="true" globbing="false" pipelineInput="False" position="named" aliases="none">
          <maml:name>RestartPolicy</maml:name>
          <maml:Description>
            <maml:para>The container restart policy. Default: Always</maml:para>
          </maml:Description>
          <command:parameterValueGroup>
            <command:parameterValue required="false" command:variableLength="false">Always</command:parameterValue>
            <command:parameterValue required="false" command:variableLength="false">Never</command:parameterValue>
            <command:parameterValue required="false" command:variableLength="false">OnFailure</command:parameterValue>
          </command:parameterValueGroup>
          <command:parameterValue required="true" variableLength="false">System.String</command:parameterValue>
          <dev:type>
            <maml:name>System.String</maml:name>
            <maml:uri />
          </dev:type>
          <dev:defaultValue>None</dev:defaultValue>
        </command:parameter>
        <command:parameter required="false" variableLength="true" globbing="false" pipelineInput="True (ByPropertyName)" position="named" aliases="none">
          <maml:name>Tag</maml:name>
          <maml:Description>
            <maml:para>{{Fill Tag Description}}</maml:para>
          </maml:Description>
          <command:parameterValue required="true" variableLength="false">System.Collections.Hashtable</command:parameterValue>
          <dev:type>
            <maml:name>System.Collections.Hashtable</maml:name>
            <maml:uri />
          </dev:type>
          <dev:defaultValue>None</dev:defaultValue>
        </command:parameter>
        <command:parameter required="false" variableLength="true" globbing="false" pipelineInput="False" position="named" aliases="cf">
          <maml:name>Confirm</maml:name>
          <maml:Description>
            <maml:para>Prompts you for confirmation before running the cmdlet.</maml:para>
          </maml:Description>
          <command:parameterValue required="true" variableLength="false">System.Management.Automation.SwitchParameter</command:parameterValue>
          <dev:type>
            <maml:name>System.Management.Automation.SwitchParameter</maml:name>
            <maml:uri />
          </dev:type>
          <dev:defaultValue>None</dev:defaultValue>
        </command:parameter>
        <command:parameter required="false" variableLength="true" globbing="false" pipelineInput="False" position="named" aliases="wi">
          <maml:name>WhatIf</maml:name>
          <maml:Description>
            <maml:para>Shows what would happen if the cmdlet runs. The cmdlet is not run.</maml:para>
          </maml:Description>
          <command:parameterValue required="true" variableLength="false">System.Management.Automation.SwitchParameter</command:parameterValue>
          <dev:type>
            <maml:name>System.Management.Automation.SwitchParameter</maml:name>
            <maml:uri />
          </dev:type>
          <dev:defaultValue>None</dev:defaultValue>
        </command:parameter>
      </command:syntaxItem>
    </command:syntax>
    <command:parameters>
      <command:parameter required="true" variableLength="true" globbing="false" pipelineInput="False" position="named" aliases="none">
        <maml:name>AzureFileVolumeAccountCredential</maml:name>
        <maml:Description>
          <maml:para>The storage account credential of the Azure File share to mount where the username is the storage account name and the key is the storage account key.</maml:para>
        </maml:Description>
        <command:parameterValue required="true" variableLength="false">System.Management.Automation.PSCredential</command:parameterValue>
        <dev:type>
          <maml:name>System.Management.Automation.PSCredential</maml:name>
          <maml:uri />
        </dev:type>
        <dev:defaultValue>None</dev:defaultValue>
      </command:parameter>
      <command:parameter required="true" variableLength="true" globbing="false" pipelineInput="False" position="named" aliases="none">
        <maml:name>AzureFileVolumeMountPath</maml:name>
        <maml:Description>
          <maml:para>The mount path for the Azure File volume.</maml:para>
        </maml:Description>
        <command:parameterValue required="true" variableLength="false">System.String</command:parameterValue>
        <dev:type>
          <maml:name>System.String</maml:name>
          <maml:uri />
        </dev:type>
        <dev:defaultValue>None</dev:defaultValue>
      </command:parameter>
      <command:parameter required="true" variableLength="true" globbing="false" pipelineInput="False" position="named" aliases="none">
        <maml:name>AzureFileVolumeShareName</maml:name>
        <maml:Description>
          <maml:para>The name of the Azure File share to mount.</maml:para>
        </maml:Description>
        <command:parameterValue required="true" variableLength="false">System.String</command:parameterValue>
        <dev:type>
          <maml:name>System.String</maml:name>
          <maml:uri />
        </dev:type>
        <dev:defaultValue>None</dev:defaultValue>
      </command:parameter>
      <command:parameter required="false" variableLength="true" globbing="false" pipelineInput="False" position="named" aliases="none">
        <maml:name>Command</maml:name>
        <maml:Description>
          <maml:para>The command to run in the container.</maml:para>
        </maml:Description>
        <command:parameterValue required="true" variableLength="false">System.String</command:parameterValue>
        <dev:type>
          <maml:name>System.String</maml:name>
          <maml:uri />
        </dev:type>
        <dev:defaultValue>None</dev:defaultValue>
      </command:parameter>
      <command:parameter required="false" variableLength="true" globbing="false" pipelineInput="False" position="named" aliases="none">
        <maml:name>Cpu</maml:name>
        <maml:Description>
          <maml:para>The required CPU cores. Default: 1</maml:para>
        </maml:Description>
        <command:parameterValue required="true" variableLength="false">System.Nullable`1[System.Int32]</command:parameterValue>
        <dev:type>
          <maml:name>System.Nullable`1[System.Int32]</maml:name>
          <maml:uri />
        </dev:type>
        <dev:defaultValue>None</dev:defaultValue>
      </command:parameter>
      <command:parameter required="false" variableLength="true" globbing="false" pipelineInput="False" position="named" aliases="AzureRmContext, AzureCredential">
        <maml:name>DefaultProfile</maml:name>
        <maml:Description>
          <maml:para>The credentials, account, tenant, and subscription used for communication with azure.</maml:para>
        </maml:Description>
        <command:parameterValue required="true" variableLength="false">Microsoft.Azure.Commands.Common.Authentication.Abstractions.IAzureContextContainer</command:parameterValue>
        <dev:type>
          <maml:name>Microsoft.Azure.Commands.Common.Authentication.Abstractions.IAzureContextContainer</maml:name>
          <maml:uri />
        </dev:type>
        <dev:defaultValue>None</dev:defaultValue>
      </command:parameter>
      <command:parameter required="false" variableLength="true" globbing="false" pipelineInput="False" position="named" aliases="none">
        <maml:name>DnsNameLabel</maml:name>
        <maml:Description>
          <maml:para>The DNS name label for the IP address.</maml:para>
        </maml:Description>
        <command:parameterValue required="true" variableLength="false">System.String</command:parameterValue>
        <dev:type>
          <maml:name>System.String</maml:name>
          <maml:uri />
        </dev:type>
        <dev:defaultValue>None</dev:defaultValue>
      </command:parameter>
      <command:parameter required="false" variableLength="true" globbing="false" pipelineInput="False" position="named" aliases="none">
        <maml:name>EnvironmentVariable</maml:name>
        <maml:Description>
          <maml:para>The container environment variables.</maml:para>
        </maml:Description>
        <command:parameterValue required="true" variableLength="false">System.Collections.Hashtable</command:parameterValue>
        <dev:type>
          <maml:name>System.Collections.Hashtable</maml:name>
          <maml:uri />
        </dev:type>
        <dev:defaultValue>None</dev:defaultValue>
      </command:parameter>
      <command:parameter required="true" variableLength="true" globbing="false" pipelineInput="False" position="2" aliases="none">
        <maml:name>Image</maml:name>
        <maml:Description>
          <maml:para>The container image.</maml:para>
        </maml:Description>
        <command:parameterValue required="true" variableLength="false">System.String</command:parameterValue>
        <dev:type>
          <maml:name>System.String</maml:name>
          <maml:uri />
        </dev:type>
        <dev:defaultValue>None</dev:defaultValue>
      </command:parameter>
      <command:parameter required="false" variableLength="true" globbing="false" pipelineInput="False" position="named" aliases="none">
        <maml:name>IpAddressType</maml:name>
        <maml:Description>
          <maml:para>The IP address type.</maml:para>
        </maml:Description>
        <command:parameterValue required="true" variableLength="false">System.String</command:parameterValue>
        <dev:type>
          <maml:name>System.String</maml:name>
          <maml:uri />
        </dev:type>
        <dev:defaultValue>None</dev:defaultValue>
      </command:parameter>
      <command:parameter required="false" variableLength="true" globbing="false" pipelineInput="False" position="named" aliases="none">
        <maml:name>Location</maml:name>
        <maml:Description>
          <maml:para>The container group Location. Default to the location of the resource group.</maml:para>
        </maml:Description>
        <command:parameterValue required="true" variableLength="false">System.String</command:parameterValue>
        <dev:type>
          <maml:name>System.String</maml:name>
          <maml:uri />
        </dev:type>
        <dev:defaultValue>None</dev:defaultValue>
      </command:parameter>
      <command:parameter required="false" variableLength="true" globbing="false" pipelineInput="False" position="named" aliases="Memory">
        <maml:name>MemoryInGB</maml:name>
        <maml:Description>
          <maml:para>The required memory in GB. Default: 1.5</maml:para>
        </maml:Description>
        <command:parameterValue required="true" variableLength="false">System.Nullable`1[System.Double]</command:parameterValue>
        <dev:type>
          <maml:name>System.Nullable`1[System.Double]</maml:name>
          <maml:uri />
        </dev:type>
        <dev:defaultValue>None</dev:defaultValue>
      </command:parameter>
      <command:parameter required="true" variableLength="true" globbing="false" pipelineInput="True (ByPropertyName)" position="1" aliases="none">
        <maml:name>Name</maml:name>
        <maml:Description>
          <maml:para>The container group name.</maml:para>
        </maml:Description>
        <command:parameterValue required="true" variableLength="false">System.String</command:parameterValue>
        <dev:type>
          <maml:name>System.String</maml:name>
          <maml:uri />
        </dev:type>
        <dev:defaultValue>None</dev:defaultValue>
      </command:parameter>
      <command:parameter required="false" variableLength="true" globbing="false" pipelineInput="False" position="named" aliases="none">
        <maml:name>OsType</maml:name>
        <maml:Description>
          <maml:para>The container OS type. Default: Linux</maml:para>
        </maml:Description>
        <command:parameterValue required="true" variableLength="false">System.String</command:parameterValue>
        <dev:type>
          <maml:name>System.String</maml:name>
          <maml:uri />
        </dev:type>
        <dev:defaultValue>None</dev:defaultValue>
      </command:parameter>
      <command:parameter required="false" variableLength="true" globbing="false" pipelineInput="False" position="named" aliases="none">
        <maml:name>Port</maml:name>
        <maml:Description>
          <maml:para>The port(s) to open. Default: [80]</maml:para>
        </maml:Description>
        <command:parameterValue required="true" variableLength="false">System.Int32[]</command:parameterValue>
        <dev:type>
          <maml:name>System.Int32[]</maml:name>
          <maml:uri />
        </dev:type>
        <dev:defaultValue>None</dev:defaultValue>
      </command:parameter>
      <command:parameter required="false" variableLength="true" globbing="false" pipelineInput="False" position="named" aliases="none">
        <maml:name>RegistryCredential</maml:name>
        <maml:Description>
          <maml:para>The custom container registry credential.</maml:para>
        </maml:Description>
        <command:parameterValue required="true" variableLength="false">System.Management.Automation.PSCredential</command:parameterValue>
        <dev:type>
          <maml:name>System.Management.Automation.PSCredential</maml:name>
          <maml:uri />
        </dev:type>
        <dev:defaultValue>None</dev:defaultValue>
      </command:parameter>
      <command:parameter required="false" variableLength="true" globbing="false" pipelineInput="False" position="named" aliases="RegistryServer">
        <maml:name>RegistryServerDomain</maml:name>
        <maml:Description>
          <maml:para>The custom container registry login server.</maml:para>
        </maml:Description>
        <command:parameterValue required="true" variableLength="false">System.String</command:parameterValue>
        <dev:type>
          <maml:name>System.String</maml:name>
          <maml:uri />
        </dev:type>
        <dev:defaultValue>None</dev:defaultValue>
      </command:parameter>
      <command:parameter required="true" variableLength="true" globbing="false" pipelineInput="True (ByPropertyName)" position="0" aliases="none">
        <maml:name>ResourceGroupName</maml:name>
        <maml:Description>
          <maml:para>The resource group name.</maml:para>
        </maml:Description>
        <command:parameterValue required="true" variableLength="false">System.String</command:parameterValue>
        <dev:type>
          <maml:name>System.String</maml:name>
          <maml:uri />
        </dev:type>
        <dev:defaultValue>None</dev:defaultValue>
      </command:parameter>
      <command:parameter required="false" variableLength="true" globbing="false" pipelineInput="False" position="named" aliases="none">
        <maml:name>RestartPolicy</maml:name>
        <maml:Description>
          <maml:para>The container restart policy. Default: Always</maml:para>
        </maml:Description>
        <command:parameterValue required="true" variableLength="false">System.String</command:parameterValue>
        <dev:type>
          <maml:name>System.String</maml:name>
          <maml:uri />
        </dev:type>
        <dev:defaultValue>None</dev:defaultValue>
      </command:parameter>
      <command:parameter required="false" variableLength="true" globbing="false" pipelineInput="True (ByPropertyName)" position="named" aliases="none">
        <maml:name>Tag</maml:name>
        <maml:Description>
          <maml:para>{{Fill Tag Description}}</maml:para>
        </maml:Description>
        <command:parameterValue required="true" variableLength="false">System.Collections.Hashtable</command:parameterValue>
        <dev:type>
          <maml:name>System.Collections.Hashtable</maml:name>
          <maml:uri />
        </dev:type>
        <dev:defaultValue>None</dev:defaultValue>
      </command:parameter>
      <command:parameter required="false" variableLength="true" globbing="false" pipelineInput="False" position="named" aliases="cf">
        <maml:name>Confirm</maml:name>
        <maml:Description>
          <maml:para>Prompts you for confirmation before running the cmdlet.</maml:para>
        </maml:Description>
        <command:parameterValue required="true" variableLength="false">System.Management.Automation.SwitchParameter</command:parameterValue>
        <dev:type>
          <maml:name>System.Management.Automation.SwitchParameter</maml:name>
          <maml:uri />
        </dev:type>
        <dev:defaultValue>None</dev:defaultValue>
      </command:parameter>
      <command:parameter required="false" variableLength="true" globbing="false" pipelineInput="False" position="named" aliases="wi">
        <maml:name>WhatIf</maml:name>
        <maml:Description>
          <maml:para>Shows what would happen if the cmdlet runs. The cmdlet is not run.</maml:para>
        </maml:Description>
        <command:parameterValue required="true" variableLength="false">System.Management.Automation.SwitchParameter</command:parameterValue>
        <dev:type>
          <maml:name>System.Management.Automation.SwitchParameter</maml:name>
          <maml:uri />
        </dev:type>
        <dev:defaultValue>None</dev:defaultValue>
      </command:parameter>
    </command:parameters>
    <command:inputTypes>
      <command:inputType>
        <dev:type>
          <maml:name>System.String</maml:name>
        </dev:type>
        <maml:description>
          <maml:para></maml:para>
        </maml:description>
      </command:inputType>
      <command:inputType>
        <dev:type>
          <maml:name>System.Collections.Hashtable</maml:name>
        </dev:type>
        <maml:description>
          <maml:para></maml:para>
        </maml:description>
      </command:inputType>
    </command:inputTypes>
    <command:returnValues>
      <command:returnValue>
        <dev:type>
          <maml:name>Microsoft.Azure.Commands.ContainerInstance.Models.PSContainerGroup</maml:name>
        </dev:type>
        <maml:description>
          <maml:para></maml:para>
        </maml:description>
      </command:returnValue>
    </command:returnValues>
    <maml:alertSet>
      <maml:alert>
        <maml:para></maml:para>
      </maml:alert>
    </maml:alertSet>
    <command:examples>
      <command:example>
        <maml:title>Example 1</maml:title>
        <dev:code>PS C:\&gt; New-AzureRmContainerGroup -ResourceGroupName demo -Name mycontainer -Image nginx -OsType Linux -IpAddressType Public -Port @(8000)

ResourceGroupName        : demo
Id                       : /subscriptions/ae43b1e3-c35d-4c8c-bc0d-f148b4c52b78/resourceGroups/demo/providers/Microsoft.ContainerInstance/containerGroups/mycontainer
Name                     : mycontainer
Type                     : Microsoft.ContainerInstance/containerGroups
Location                 : westus
Tags                     :
ProvisioningState        : Creating
Containers               : {mycontainer}
ImageRegistryCredentials :
RestartPolicy            :
IpAddress                : 13.88.10.240
Ports                    : {8000}
OsType                   : Linux
Volumes                  :
State                    : Running
Events                   : {}</dev:code>
        <dev:remarks>
          <maml:para>This commands creates a container group using latest nginx image and requests a public IP address with opening port 8000.</maml:para>
<maml:para></maml:para>
<maml:para></maml:para>
        </dev:remarks>
      </command:example>
      <command:example>
        <maml:title>Example 2</maml:title>
        <dev:code>PS C:\&gt; New-AzureRmContainerGroup -ResourceGroupName demo -Name mycontainer -Image alpine -OsType Linux -Command "/bin/sh -c myscript.sh" -EnvironmentVariable @{"env1"="value1";"env2"="value2"}

ResourceGroupName        : demo
Id                       : /subscriptions/ae43b1e3-c35d-4c8c-bc0d-f148b4c52b78/resourceGroups/demo/providers/Microsoft.ContainerInstance/containerGroups/mycontainer
Name                     : mycontainer
Type                     : Microsoft.ContainerInstance/containerGroups
Location                 : westus
Tags                     :
ProvisioningState        : Creating
Containers               : {mycontainer}
ImageRegistryCredentials :
RestartPolicy            :
IpAddress                :
Ports                    :
OsType                   : Linux
Volumes                  :
State                    : Running
Events                   : {}</dev:code>
        <dev:remarks>
          <maml:para>This commands creates a container group and runs a custom script inside the container.</maml:para>
<maml:para></maml:para>
<maml:para></maml:para>
        </dev:remarks>
      </command:example>
      <command:example>
        <maml:title>Example 3: Creates a run-to-completion container group.</maml:title>
        <dev:code>PS C:\&gt; New-AzureRmContainerGroup -ResourceGroupName demo -Name mycontainer -Image alpine -OsType Linux -Command "echo hello" -RestartPolicy Never

ResourceGroupName        : demo
Id                       : /subscriptions/ae43b1e3-c35d-4c8c-bc0d-f148b4c52b78/resourceGroups/demo/providers/Microsoft.ContainerInstance/containerGroups/mycontainer
Name                     : mycontainer
Type                     : Microsoft.ContainerInstance/containerGroups
Location                 : westus
Tags                     :
ProvisioningState        : Creating
Containers               : {mycontainer}
ImageRegistryCredentials :
RestartPolicy            :
IpAddress                :
Ports                    :
OsType                   : Linux
Volumes                  :
State                    : Running
Events                   : {}</dev:code>
        <dev:remarks>
          <maml:para>This commands creates a container group which prints out 'hello' and stops.</maml:para>
<maml:para></maml:para>
<maml:para></maml:para>
        </dev:remarks>
      </command:example>
      <command:example>
        <maml:title>Example 4: Creates a container group using image in Azure Container Registry</maml:title>
        <dev:code>PS C:\&gt; $secpasswd = ConvertTo-SecureString "PlainTextPassword" -AsPlainText -Force
PS C:\&gt; $mycred = New-Object System.Management.Automation.PSCredential ("myacr", $secpasswd)
PS C:\&gt; New-AzureRmContainerGroup -ResourceGroupName demo -Name mycontainer -Image myacr.azurecr.io/nginx:latest -IpAddressType Public -RegistryCredential $mycred

ResourceGroupName        : demo
Id                       : /subscriptions/ae43b1e3-c35d-4c8c-bc0d-f148b4c52b78/resourceGroups/demo/providers/Microsoft.ContainerInstance/containerGroups/mycontainer
Name                     : mycontainer
Type                     : Microsoft.ContainerInstance/containerGroups
Location                 : westus
Tags                     :
ProvisioningState        : Creating
Containers               : {mycontainer}
ImageRegistryCredentials : {myacr}
RestartPolicy            :
IpAddress                : 13.88.10.240
Ports                    : {80}
OsType                   : Linux
Volumes                  :
State                    : Running
Events                   : {}</dev:code>
        <dev:remarks>
          <maml:para>This commands creates a container group using a nginx image in Azure Container Registry.</maml:para>
<maml:para></maml:para>
<maml:para></maml:para>
        </dev:remarks>
      </command:example>
      <command:example>
        <maml:title>Example 5: Creates a container group using image in custom container image registry</maml:title>
        <dev:code>PS C:\&gt; $secpasswd = ConvertTo-SecureString "PlainTextPassword" -AsPlainText -Force
PS C:\&gt; $mycred = New-Object System.Management.Automation.PSCredential ("username", $secpasswd)
PS C:\&gt; New-AzureRmContainerGroup -ResourceGroupName MyResourceGroup -Name MyContainer -Image myserver.com/myimage:latest -RegistryServer myserver.com -RegistryCredential $mycred

ResourceGroupName        : demo
Id                       : /subscriptions/ae43b1e3-c35d-4c8c-bc0d-f148b4c52b78/resourceGroups/demo/providers/Microsoft.ContainerInstance/containerGroups/mycontainer
Name                     : mycontainer
Type                     : Microsoft.ContainerInstance/containerGroups
Location                 : westus
Tags                     :
ProvisioningState        : Creating
Containers               : {mycontainer}
ImageRegistryCredentials : {myserver.com}
RestartPolicy            :
IpAddress                : 13.88.10.240
Ports                    : {80}
OsType                   : Linux
Volumes                  :
State                    : Running
Events                   : {}</dev:code>
        <dev:remarks>
          <maml:para>This commands creates a container group using a custom image from a custom container image registry.</maml:para>
<maml:para></maml:para>
<maml:para></maml:para>
        </dev:remarks>
      </command:example>
      <command:example>
        <maml:title>Example 6: Creates a container group that mounts Azure File volume</maml:title>
        <dev:code>PS C:\&gt; $secpasswd = ConvertTo-SecureString "PlainTextPassword" -AsPlainText -Force
PS C:\&gt; $mycred = New-Object System.Management.Automation.PSCredential ("username", $secpasswd)
PS C:\&gt; New-AzureRmContainerGroup -ResourceGroupName MyResourceGroup -Name MyContainer -Image alpine -AzureFileVolumeShareName myshare -AzureFileVolumeAccountKey $mycred -AzureFileVolumeMountPath /mnt/azfile

ResourceGroupName        : demo
Id                       : /subscriptions/ae43b1e3-c35d-4c8c-bc0d-f148b4c52b78/resourceGroups/demo/providers/Microsoft.ContainerInstance/containerGroups/mycontainer
Name                     : mycontainer
Type                     : Microsoft.ContainerInstance/containerGroups
Location                 : westus
Tags                     :
ProvisioningState        : Creating
Containers               : {mycontainer}
ImageRegistryCredentials : {myserver.com}
RestartPolicy            :
IpAddress                : 13.88.10.240
Ports                    : {80}
OsType                   : Linux
Volumes                  : {AzureFile}
State                    : Running
Events                   : {}</dev:code>
        <dev:remarks>
          <maml:para>This commands creates a container group that mounts the provided Azure File share to `/mnt/azfile`.</maml:para>
<maml:para></maml:para>
<maml:para></maml:para>
        </dev:remarks>
      </command:example>
    </command:examples>
    <command:relatedLinks>
      <maml:navigationLink>
        <maml:linkText>Online Version:</maml:linkText>
        <maml:uri>https://docs.microsoft.com/en-us/powershell/module/azurerm.containerinstance/new-azurermcontainergroup</maml:uri>
      </maml:navigationLink>
    </command:relatedLinks>
  </command:command>
  <command:command xmlns:maml="http://schemas.microsoft.com/maml/2004/10" xmlns:command="http://schemas.microsoft.com/maml/dev/command/2004/10" xmlns:dev="http://schemas.microsoft.com/maml/dev/2004/10" xmlns:MSHelp="http://msdn.microsoft.com/mshelp">
    <command:details>
      <command:name>Remove-AzureRmContainerGroup</command:name>
      <command:verb>Remove</command:verb>
      <command:noun>AzureRmContainerGroup</command:noun>
      <maml:description>
        <maml:para>Removes a container group.</maml:para>
      </maml:description>
    </command:details>
    <maml:description>
      <maml:para>The Remove-AzureRmContainerGroup cmdlet removes a container group.</maml:para>
    </maml:description>
    <command:syntax>
      <command:syntaxItem>
        <maml:name>Remove-AzureRmContainerGroup</maml:name>
        <command:parameter required="false" variableLength="true" globbing="false" pipelineInput="False" position="named" aliases="AzureRmContext, AzureCredential">
          <maml:name>DefaultProfile</maml:name>
          <maml:Description>
            <maml:para>The credentials, account, tenant, and subscription used for communication with azure.</maml:para>
          </maml:Description>
          <command:parameterValue required="true" variableLength="false">Microsoft.Azure.Commands.Common.Authentication.Abstractions.IAzureContextContainer</command:parameterValue>
          <dev:type>
            <maml:name>Microsoft.Azure.Commands.Common.Authentication.Abstractions.IAzureContextContainer</maml:name>
            <maml:uri />
          </dev:type>
          <dev:defaultValue>None</dev:defaultValue>
        </command:parameter>
        <command:parameter required="true" variableLength="true" globbing="false" pipelineInput="True (ByValue)" position="named" aliases="none">
          <maml:name>InputObject</maml:name>
          <maml:Description>
            <maml:para>The container group to remove.</maml:para>
          </maml:Description>
          <command:parameterValue required="true" variableLength="false">Microsoft.Azure.Commands.ContainerInstance.Models.PSContainerGroup</command:parameterValue>
          <dev:type>
            <maml:name>Microsoft.Azure.Commands.ContainerInstance.Models.PSContainerGroup</maml:name>
            <maml:uri />
          </dev:type>
          <dev:defaultValue>None</dev:defaultValue>
        </command:parameter>
        <command:parameter required="false" variableLength="true" globbing="false" pipelineInput="False" position="named" aliases="none">
          <maml:name>PassThru</maml:name>
          <maml:Description>
            <maml:para>{{Fill PassThru Description}}</maml:para>
          </maml:Description>
          <command:parameterValue required="true" variableLength="false">System.Management.Automation.SwitchParameter</command:parameterValue>
          <dev:type>
            <maml:name>System.Management.Automation.SwitchParameter</maml:name>
            <maml:uri />
          </dev:type>
          <dev:defaultValue>None</dev:defaultValue>
        </command:parameter>
        <command:parameter required="false" variableLength="true" globbing="false" pipelineInput="False" position="named" aliases="cf">
          <maml:name>Confirm</maml:name>
          <maml:Description>
            <maml:para>Prompts you for confirmation before running the cmdlet.</maml:para>
          </maml:Description>
          <command:parameterValue required="true" variableLength="false">System.Management.Automation.SwitchParameter</command:parameterValue>
          <dev:type>
            <maml:name>System.Management.Automation.SwitchParameter</maml:name>
            <maml:uri />
          </dev:type>
          <dev:defaultValue>None</dev:defaultValue>
        </command:parameter>
        <command:parameter required="false" variableLength="true" globbing="false" pipelineInput="False" position="named" aliases="wi">
          <maml:name>WhatIf</maml:name>
          <maml:Description>
            <maml:para>Shows what would happen if the cmdlet runs. The cmdlet is not run.</maml:para>
          </maml:Description>
          <command:parameterValue required="true" variableLength="false">System.Management.Automation.SwitchParameter</command:parameterValue>
          <dev:type>
            <maml:name>System.Management.Automation.SwitchParameter</maml:name>
            <maml:uri />
          </dev:type>
          <dev:defaultValue>None</dev:defaultValue>
        </command:parameter>
      </command:syntaxItem>
      <command:syntaxItem>
        <maml:name>Remove-AzureRmContainerGroup</maml:name>
        <command:parameter required="true" variableLength="true" globbing="false" pipelineInput="False" position="0" aliases="none">
          <maml:name>ResourceGroupName</maml:name>
          <maml:Description>
            <maml:para>The resource group name.</maml:para>
          </maml:Description>
          <command:parameterValue required="true" variableLength="false">System.String</command:parameterValue>
          <dev:type>
            <maml:name>System.String</maml:name>
            <maml:uri />
          </dev:type>
          <dev:defaultValue>None</dev:defaultValue>
        </command:parameter>
        <command:parameter required="true" variableLength="true" globbing="false" pipelineInput="False" position="1" aliases="none">
          <maml:name>Name</maml:name>
          <maml:Description>
            <maml:para>The container group name.</maml:para>
          </maml:Description>
          <command:parameterValue required="true" variableLength="false">System.String</command:parameterValue>
          <dev:type>
            <maml:name>System.String</maml:name>
            <maml:uri />
          </dev:type>
          <dev:defaultValue>None</dev:defaultValue>
        </command:parameter>
        <command:parameter required="false" variableLength="true" globbing="false" pipelineInput="False" position="named" aliases="AzureRmContext, AzureCredential">
          <maml:name>DefaultProfile</maml:name>
          <maml:Description>
            <maml:para>The credentials, account, tenant, and subscription used for communication with azure.</maml:para>
          </maml:Description>
          <command:parameterValue required="true" variableLength="false">Microsoft.Azure.Commands.Common.Authentication.Abstractions.IAzureContextContainer</command:parameterValue>
          <dev:type>
            <maml:name>Microsoft.Azure.Commands.Common.Authentication.Abstractions.IAzureContextContainer</maml:name>
            <maml:uri />
          </dev:type>
          <dev:defaultValue>None</dev:defaultValue>
        </command:parameter>
        <command:parameter required="false" variableLength="true" globbing="false" pipelineInput="False" position="named" aliases="none">
          <maml:name>PassThru</maml:name>
          <maml:Description>
            <maml:para>{{Fill PassThru Description}}</maml:para>
          </maml:Description>
          <command:parameterValue required="true" variableLength="false">System.Management.Automation.SwitchParameter</command:parameterValue>
          <dev:type>
            <maml:name>System.Management.Automation.SwitchParameter</maml:name>
            <maml:uri />
          </dev:type>
          <dev:defaultValue>None</dev:defaultValue>
        </command:parameter>
        <command:parameter required="false" variableLength="true" globbing="false" pipelineInput="False" position="named" aliases="cf">
          <maml:name>Confirm</maml:name>
          <maml:Description>
            <maml:para>Prompts you for confirmation before running the cmdlet.</maml:para>
          </maml:Description>
          <command:parameterValue required="true" variableLength="false">System.Management.Automation.SwitchParameter</command:parameterValue>
          <dev:type>
            <maml:name>System.Management.Automation.SwitchParameter</maml:name>
            <maml:uri />
          </dev:type>
          <dev:defaultValue>None</dev:defaultValue>
        </command:parameter>
        <command:parameter required="false" variableLength="true" globbing="false" pipelineInput="False" position="named" aliases="wi">
          <maml:name>WhatIf</maml:name>
          <maml:Description>
            <maml:para>Shows what would happen if the cmdlet runs. The cmdlet is not run.</maml:para>
          </maml:Description>
          <command:parameterValue required="true" variableLength="false">System.Management.Automation.SwitchParameter</command:parameterValue>
          <dev:type>
            <maml:name>System.Management.Automation.SwitchParameter</maml:name>
            <maml:uri />
          </dev:type>
          <dev:defaultValue>None</dev:defaultValue>
        </command:parameter>
      </command:syntaxItem>
      <command:syntaxItem>
        <maml:name>Remove-AzureRmContainerGroup</maml:name>
        <command:parameter required="false" variableLength="true" globbing="false" pipelineInput="False" position="named" aliases="AzureRmContext, AzureCredential">
          <maml:name>DefaultProfile</maml:name>
          <maml:Description>
            <maml:para>The credentials, account, tenant, and subscription used for communication with azure.</maml:para>
          </maml:Description>
          <command:parameterValue required="true" variableLength="false">Microsoft.Azure.Commands.Common.Authentication.Abstractions.IAzureContextContainer</command:parameterValue>
          <dev:type>
            <maml:name>Microsoft.Azure.Commands.Common.Authentication.Abstractions.IAzureContextContainer</maml:name>
            <maml:uri />
          </dev:type>
          <dev:defaultValue>None</dev:defaultValue>
        </command:parameter>
        <command:parameter required="false" variableLength="true" globbing="false" pipelineInput="False" position="named" aliases="none">
          <maml:name>PassThru</maml:name>
          <maml:Description>
            <maml:para>{{Fill PassThru Description}}</maml:para>
          </maml:Description>
          <command:parameterValue required="true" variableLength="false">System.Management.Automation.SwitchParameter</command:parameterValue>
          <dev:type>
            <maml:name>System.Management.Automation.SwitchParameter</maml:name>
            <maml:uri />
          </dev:type>
          <dev:defaultValue>None</dev:defaultValue>
        </command:parameter>
        <command:parameter required="true" variableLength="true" globbing="false" pipelineInput="True (ByPropertyName)" position="named" aliases="none">
          <maml:name>ResourceId</maml:name>
          <maml:Description>
            <maml:para>The resource id.</maml:para>
          </maml:Description>
          <command:parameterValue required="true" variableLength="false">System.String</command:parameterValue>
          <dev:type>
            <maml:name>System.String</maml:name>
            <maml:uri />
          </dev:type>
          <dev:defaultValue>None</dev:defaultValue>
        </command:parameter>
        <command:parameter required="false" variableLength="true" globbing="false" pipelineInput="False" position="named" aliases="cf">
          <maml:name>Confirm</maml:name>
          <maml:Description>
            <maml:para>Prompts you for confirmation before running the cmdlet.</maml:para>
          </maml:Description>
          <command:parameterValue required="true" variableLength="false">System.Management.Automation.SwitchParameter</command:parameterValue>
          <dev:type>
            <maml:name>System.Management.Automation.SwitchParameter</maml:name>
            <maml:uri />
          </dev:type>
          <dev:defaultValue>None</dev:defaultValue>
        </command:parameter>
        <command:parameter required="false" variableLength="true" globbing="false" pipelineInput="False" position="named" aliases="wi">
          <maml:name>WhatIf</maml:name>
          <maml:Description>
            <maml:para>Shows what would happen if the cmdlet runs. The cmdlet is not run.</maml:para>
          </maml:Description>
          <command:parameterValue required="true" variableLength="false">System.Management.Automation.SwitchParameter</command:parameterValue>
          <dev:type>
            <maml:name>System.Management.Automation.SwitchParameter</maml:name>
            <maml:uri />
          </dev:type>
          <dev:defaultValue>None</dev:defaultValue>
        </command:parameter>
      </command:syntaxItem>
    </command:syntax>
    <command:parameters>
      <command:parameter required="false" variableLength="true" globbing="false" pipelineInput="False" position="named" aliases="AzureRmContext, AzureCredential">
        <maml:name>DefaultProfile</maml:name>
        <maml:Description>
          <maml:para>The credentials, account, tenant, and subscription used for communication with azure.</maml:para>
        </maml:Description>
        <command:parameterValue required="true" variableLength="false">Microsoft.Azure.Commands.Common.Authentication.Abstractions.IAzureContextContainer</command:parameterValue>
        <dev:type>
          <maml:name>Microsoft.Azure.Commands.Common.Authentication.Abstractions.IAzureContextContainer</maml:name>
          <maml:uri />
        </dev:type>
        <dev:defaultValue>None</dev:defaultValue>
      </command:parameter>
      <command:parameter required="true" variableLength="true" globbing="false" pipelineInput="True (ByValue)" position="named" aliases="none">
        <maml:name>InputObject</maml:name>
        <maml:Description>
          <maml:para>The container group to remove.</maml:para>
        </maml:Description>
        <command:parameterValue required="true" variableLength="false">Microsoft.Azure.Commands.ContainerInstance.Models.PSContainerGroup</command:parameterValue>
        <dev:type>
          <maml:name>Microsoft.Azure.Commands.ContainerInstance.Models.PSContainerGroup</maml:name>
          <maml:uri />
        </dev:type>
        <dev:defaultValue>None</dev:defaultValue>
      </command:parameter>
      <command:parameter required="true" variableLength="true" globbing="false" pipelineInput="False" position="1" aliases="none">
        <maml:name>Name</maml:name>
        <maml:Description>
          <maml:para>The container group name.</maml:para>
        </maml:Description>
        <command:parameterValue required="true" variableLength="false">System.String</command:parameterValue>
        <dev:type>
          <maml:name>System.String</maml:name>
          <maml:uri />
        </dev:type>
        <dev:defaultValue>None</dev:defaultValue>
      </command:parameter>
      <command:parameter required="false" variableLength="true" globbing="false" pipelineInput="False" position="named" aliases="none">
        <maml:name>PassThru</maml:name>
        <maml:Description>
          <maml:para>{{Fill PassThru Description}}</maml:para>
        </maml:Description>
        <command:parameterValue required="true" variableLength="false">System.Management.Automation.SwitchParameter</command:parameterValue>
        <dev:type>
          <maml:name>System.Management.Automation.SwitchParameter</maml:name>
          <maml:uri />
        </dev:type>
        <dev:defaultValue>None</dev:defaultValue>
      </command:parameter>
      <command:parameter required="true" variableLength="true" globbing="false" pipelineInput="False" position="0" aliases="none">
        <maml:name>ResourceGroupName</maml:name>
        <maml:Description>
          <maml:para>The resource group name.</maml:para>
        </maml:Description>
        <command:parameterValue required="true" variableLength="false">System.String</command:parameterValue>
        <dev:type>
          <maml:name>System.String</maml:name>
          <maml:uri />
        </dev:type>
        <dev:defaultValue>None</dev:defaultValue>
      </command:parameter>
      <command:parameter required="true" variableLength="true" globbing="false" pipelineInput="True (ByPropertyName)" position="named" aliases="none">
        <maml:name>ResourceId</maml:name>
        <maml:Description>
          <maml:para>The resource id.</maml:para>
        </maml:Description>
        <command:parameterValue required="true" variableLength="false">System.String</command:parameterValue>
        <dev:type>
          <maml:name>System.String</maml:name>
          <maml:uri />
        </dev:type>
        <dev:defaultValue>None</dev:defaultValue>
      </command:parameter>
      <command:parameter required="false" variableLength="true" globbing="false" pipelineInput="False" position="named" aliases="cf">
        <maml:name>Confirm</maml:name>
        <maml:Description>
          <maml:para>Prompts you for confirmation before running the cmdlet.</maml:para>
        </maml:Description>
        <command:parameterValue required="true" variableLength="false">System.Management.Automation.SwitchParameter</command:parameterValue>
        <dev:type>
          <maml:name>System.Management.Automation.SwitchParameter</maml:name>
          <maml:uri />
        </dev:type>
        <dev:defaultValue>None</dev:defaultValue>
      </command:parameter>
      <command:parameter required="false" variableLength="true" globbing="false" pipelineInput="False" position="named" aliases="wi">
        <maml:name>WhatIf</maml:name>
        <maml:Description>
          <maml:para>Shows what would happen if the cmdlet runs. The cmdlet is not run.</maml:para>
        </maml:Description>
        <command:parameterValue required="true" variableLength="false">System.Management.Automation.SwitchParameter</command:parameterValue>
        <dev:type>
          <maml:name>System.Management.Automation.SwitchParameter</maml:name>
          <maml:uri />
        </dev:type>
        <dev:defaultValue>None</dev:defaultValue>
      </command:parameter>
    </command:parameters>
    <command:inputTypes>
      <command:inputType>
        <dev:type>
          <maml:name>Microsoft.Azure.Commands.ContainerInstance.Models.PSContainerGroup</maml:name>
        </dev:type>
        <maml:description>
          <maml:para>Parameters: InputObject (ByValue)</maml:para>
        </maml:description>
      </command:inputType>
      <command:inputType>
        <dev:type>
          <maml:name>System.String</maml:name>
        </dev:type>
        <maml:description>
          <maml:para></maml:para>
        </maml:description>
      </command:inputType>
    </command:inputTypes>
    <command:returnValues>
      <command:returnValue>
        <dev:type>
          <maml:name>Microsoft.Azure.Commands.ContainerInstance.Models.PSContainerGroup</maml:name>
        </dev:type>
        <maml:description>
          <maml:para></maml:para>
        </maml:description>
      </command:returnValue>
    </command:returnValues>
    <maml:alertSet>
      <maml:alert>
        <maml:para></maml:para>
      </maml:alert>
    </maml:alertSet>
    <command:examples>
      <command:example>
        <maml:title>Example 1: Removes a container group</maml:title>
        <dev:code>PS C:\&gt; Remove-AzureRmContainerGroup -ResourceGroupName MyResourceGroup -Name MyContainer</dev:code>
        <dev:remarks>
          <maml:para>This command removes the specified container group.</maml:para>
<maml:para></maml:para>
<maml:para></maml:para>
        </dev:remarks>
      </command:example>
      <command:example>
        <maml:title>Example 2: Removes a container group by piping</maml:title>
        <dev:code>PS C:\&gt; Get-AzureRmContainerGroup -ResourceGroupName MyResourceGroup -Name MyContainer | Remove-AzureRmContainerGroup</dev:code>
        <dev:remarks>
          <maml:para>This command removes a container group by piping.</maml:para>
<maml:para></maml:para>
<maml:para></maml:para>
        </dev:remarks>
      </command:example>
      <command:example>
        <maml:title>Example 3: Removes a container group by resource Id.</maml:title>
        <dev:code>PS C:\&gt; Find-AzureRmResource -ResourceGroupEquals MyResourceGroup -ResourceNameEquals MyContainer | Remove-AzureRmContainerGroup</dev:code>
        <dev:remarks>
          <maml:para>This command removes a container group by resource Id.</maml:para>
<maml:para></maml:para>
<maml:para></maml:para>
        </dev:remarks>
      </command:example>
    </command:examples>
    <command:relatedLinks>
      <maml:navigationLink>
        <maml:linkText>Online Version:</maml:linkText>
        <maml:uri>https://docs.microsoft.com/en-us/powershell/module/azurerm.containerinstance/remove-azurermcontainergroup</maml:uri>
      </maml:navigationLink>
    </command:relatedLinks>
  </command:command>
</helpItems>