<?xml version="1.0" encoding="utf-8"?>
<helpItems xmlns="http://msh" schema="maml">

<command:command xmlns:maml="http://schemas.microsoft.com/maml/2004/10" xmlns:command="http://schemas.microsoft.com/maml/dev/command/2004/10" xmlns:dev="http://schemas.microsoft.com/maml/dev/2004/10" xmlns:MSHelp="http://msdn.microsoft.com/mshelp">
<command:details><command:name>Get-AzureRmCognitiveServicesAccount</command:name>
<command:verb>Get</command:verb>
<command:noun>AzureRmCognitiveServicesAccount</command:noun>
<maml:description><maml:para>Gets an account.
</maml:para>
</maml:description>
</command:details>
<maml:description><maml:para>The Get-AzureRmCognitiveServicesAccount cmdlet gets the provisioned Cognitive Services accounts in the resource group specified by the ResoureGroupName parameter. If you do not specify the ResoureGroupName parameter, this cmdlet gets all Cognitive Services accounts for the current subscription.
</maml:para>
</maml:description>
<command:syntax><command:syntaxItem><maml:name>Get-AzureRmCognitiveServicesAccount</maml:name>
<command:parameter required="true" variableLength="true" globbing="false" pipelineInput="True (ByPropertyName)" position="0" aliases="none"><maml:name>ResourceGroupName</maml:name>
<maml:Description><maml:para>Specifies the name of the resource group the Cognitive Services account is assigned to.
</maml:para>
</maml:Description>
<command:parameterValue required="true" variableLength="false">System.String</command:parameterValue>
<dev:type><maml:name>System.String</maml:name>
<maml:uri /></dev:type>
<dev:defaultValue>None</dev:defaultValue>
</command:parameter>
<command:parameter required="true" variableLength="true" globbing="false" pipelineInput="True (ByPropertyName)" position="1" aliases="CognitiveServicesAccountName, AccountName"><maml:name>Name</maml:name>
<maml:Description><maml:para>Specifies the name of the Cognitive Services account to get.
</maml:para>
</maml:Description>
<command:parameterValue required="true" variableLength="false">System.String</command:parameterValue>
<dev:type><maml:name>System.String</maml:name>
<maml:uri /></dev:type>
<dev:defaultValue>None</dev:defaultValue>
</command:parameter>
<command:parameter required="false" variableLength="true" globbing="false" pipelineInput="False" position="named" aliases="AzureRmContext, AzureCredential"><maml:name>DefaultProfile</maml:name>
<maml:Description><maml:para>The credentials, account, tenant, and subscription used for communication with azure
</maml:para>
</maml:Description>
<command:parameterValue required="true" variableLength="false">Microsoft.Azure.Commands.Common.Authentication.Abstractions.IAzureContextContainer</command:parameterValue>
<dev:type><maml:name>Microsoft.Azure.Commands.Common.Authentication.Abstractions.IAzureContextContainer</maml:name>
<maml:uri /></dev:type>
<dev:defaultValue>None</dev:defaultValue>
</command:parameter>
</command:syntaxItem>
<command:syntaxItem><maml:name>Get-AzureRmCognitiveServicesAccount</maml:name>
<command:parameter required="false" variableLength="true" globbing="false" pipelineInput="True (ByPropertyName)" position="0" aliases="none"><maml:name>ResourceGroupName</maml:name>
<maml:Description><maml:para>Specifies the name of the resource group the Cognitive Services account is assigned to.
</maml:para>
</maml:Description>
<command:parameterValue required="true" variableLength="false">System.String</command:parameterValue>
<dev:type><maml:name>System.String</maml:name>
<maml:uri /></dev:type>
<dev:defaultValue>None</dev:defaultValue>
</command:parameter>
<command:parameter required="false" variableLength="true" globbing="false" pipelineInput="False" position="named" aliases="AzureRmContext, AzureCredential"><maml:name>DefaultProfile</maml:name>
<maml:Description><maml:para>The credentials, account, tenant, and subscription used for communication with azure
</maml:para>
</maml:Description>
<command:parameterValue required="true" variableLength="false">Microsoft.Azure.Commands.Common.Authentication.Abstractions.IAzureContextContainer</command:parameterValue>
<dev:type><maml:name>Microsoft.Azure.Commands.Common.Authentication.Abstractions.IAzureContextContainer</maml:name>
<maml:uri /></dev:type>
<dev:defaultValue>None</dev:defaultValue>
</command:parameter>
</command:syntaxItem>
</command:syntax>
<command:parameters><command:parameter required="false" variableLength="true" globbing="false" pipelineInput="False" position="named" aliases="AzureRmContext, AzureCredential"><maml:name>DefaultProfile</maml:name>
<maml:Description><maml:para>The credentials, account, tenant, and subscription used for communication with azure
</maml:para>
</maml:Description>
<command:parameterValue required="true" variableLength="false">Microsoft.Azure.Commands.Common.Authentication.Abstractions.IAzureContextContainer</command:parameterValue>
<dev:type><maml:name>Microsoft.Azure.Commands.Common.Authentication.Abstractions.IAzureContextContainer</maml:name>
<maml:uri /></dev:type>
<dev:defaultValue>None</dev:defaultValue>
</command:parameter>
<command:parameter required="true" variableLength="true" globbing="false" pipelineInput="True (ByPropertyName)" position="1" aliases="CognitiveServicesAccountName, AccountName"><maml:name>Name</maml:name>
<maml:Description><maml:para>Specifies the name of the Cognitive Services account to get.
</maml:para>
</maml:Description>
<command:parameterValue required="true" variableLength="false">System.String</command:parameterValue>
<dev:type><maml:name>System.String</maml:name>
<maml:uri /></dev:type>
<dev:defaultValue>None</dev:defaultValue>
</command:parameter>
<command:parameter required="false" variableLength="true" globbing="false" pipelineInput="True (ByPropertyName)" position="0" aliases="none"><maml:name>ResourceGroupName</maml:name>
<maml:Description><maml:para>Specifies the name of the resource group the Cognitive Services account is assigned to.
</maml:para>
</maml:Description>
<command:parameterValue required="true" variableLength="false">System.String</command:parameterValue>
<dev:type><maml:name>System.String</maml:name>
<maml:uri /></dev:type>
<dev:defaultValue>None</dev:defaultValue>
</command:parameter>
</command:parameters>
<command:inputTypes><command:inputType><dev:type><maml:name>System.String</maml:name>
</dev:type>
<maml:description><maml:para>
</maml:para>
</maml:description>
</command:inputType>
</command:inputTypes>
<command:returnValues><command:returnValue><dev:type><maml:name>Microsoft.Azure.Commands.Management.CognitiveServices.Models.PSCognitiveServicesAccount</maml:name>
</dev:type>
<maml:description><maml:para>
</maml:para>
</maml:description>
</command:returnValue>
</command:returnValues>
<maml:alertSet><maml:alert><maml:para>
</maml:para>
</maml:alert>
</maml:alertSet>
<command:examples><command:example><maml:title>Example 1</maml:title>
<dev:code>PS C:\&gt; New-AzureRmCognitiveServicesAccount -ResourceGroupName cognitive-services-resource-group -name myluis -Type LUIS -SkuName S0 -Locati
on 'WestUS'

ResourceGroupName : cognitive-services-resource-group
AccountName       : myluis
Id                : /subscriptions/xxxxxxxx-xxxx-xxxx-xxxx-xxxxxxxxxxxx/resourceGroups/cognitive-services-resource-group/providers/Microsoft.Cog
                    nitiveServices/accounts/myluis
Endpoint          : https://westus.api.cognitive.microsoft.com/luis/v2.0
Location          : WESTUS
Sku               : Microsoft.Azure.Management.CognitiveServices.Models.Sku
AccountType       : LUIS
ResourceType      : Microsoft.CognitiveServices/accounts
Etag              : "xxxxxxxx-xxxx-xxxx-xxxx-xxxxxxxxxxxx"
ProvisioningState : Succeeded
Tags              :</dev:code>
<dev:remarks><maml:para>
</maml:para>
<maml:para></maml:para>
<maml:para></maml:para>
</dev:remarks>
</command:example>
</command:examples>
<command:relatedLinks><maml:navigationLink><maml:linkText>Online Version:</maml:linkText>
<maml:uri>https://docs.microsoft.com/en-us/powershell/module/azurerm.cognitiveservices/get-azurermcognitiveservicesaccount</maml:uri>
</maml:navigationLink>
<maml:navigationLink><maml:linkText>New-AzureRmCognitiveServicesAccount</maml:linkText>
<maml:uri></maml:uri>
</maml:navigationLink>
<maml:navigationLink><maml:linkText>Remove-AzureRmCognitiveServicesAccount</maml:linkText>
<maml:uri></maml:uri>
</maml:navigationLink>
<maml:navigationLink><maml:linkText>Set-AzureRmCognitiveServicesAccount</maml:linkText>
<maml:uri></maml:uri>
</maml:navigationLink>
</command:relatedLinks>
</command:command>
<command:command xmlns:maml="http://schemas.microsoft.com/maml/2004/10" xmlns:command="http://schemas.microsoft.com/maml/dev/command/2004/10" xmlns:dev="http://schemas.microsoft.com/maml/dev/2004/10" xmlns:MSHelp="http://msdn.microsoft.com/mshelp">
<command:details><command:name>Get-AzureRmCognitiveServicesAccountKey</command:name>
<command:verb>Get</command:verb>
<command:noun>AzureRmCognitiveServicesAccountKey</command:noun>
<maml:description><maml:para>Gets the API keys for an account.
</maml:para>
</maml:description>
</command:details>
<maml:description><maml:para>The Get-AzureRmCognitiveServicesAccountKey cmdlet gets the API keys for a provisioned Cognitive Services account. A Cognitive Services account has two API keys: Key1 and Key2. The keys enable interaction with the Cognitive Services account endpoint. Use New-AzureRmCognitiveServicesAccountKey to regenerate a key.
</maml:para>
</maml:description>
<command:syntax><command:syntaxItem><maml:name>Get-AzureRmCognitiveServicesAccountKey</maml:name>
<command:parameter required="true" variableLength="true" globbing="false" pipelineInput="True (ByPropertyName)" position="0" aliases="none"><maml:name>ResourceGroupName</maml:name>
<maml:Description><maml:para>Specifies the name of the resource group the account is assigned to.
</maml:para>
</maml:Description>
<command:parameterValue required="true" variableLength="false">System.String</command:parameterValue>
<dev:type><maml:name>System.String</maml:name>
<maml:uri /></dev:type>
<dev:defaultValue>None</dev:defaultValue>
</command:parameter>
<command:parameter required="true" variableLength="true" globbing="false" pipelineInput="True (ByPropertyName)" position="1" aliases="CognitiveServicesAccountName, AccountName"><maml:name>Name</maml:name>
<maml:Description><maml:para>Specifies the name of the account. This cmdlet gets the keys for this account.
</maml:para>
</maml:Description>
<command:parameterValue required="true" variableLength="false">System.String</command:parameterValue>
<dev:type><maml:name>System.String</maml:name>
<maml:uri /></dev:type>
<dev:defaultValue>None</dev:defaultValue>
</command:parameter>
<command:parameter required="false" variableLength="true" globbing="false" pipelineInput="False" position="named" aliases="AzureRmContext, AzureCredential"><maml:name>DefaultProfile</maml:name>
<maml:Description><maml:para>The credentials, account, tenant, and subscription used for communication with azure
</maml:para>
</maml:Description>
<command:parameterValue required="true" variableLength="false">Microsoft.Azure.Commands.Common.Authentication.Abstractions.IAzureContextContainer</command:parameterValue>
<dev:type><maml:name>Microsoft.Azure.Commands.Common.Authentication.Abstractions.IAzureContextContainer</maml:name>
<maml:uri /></dev:type>
<dev:defaultValue>None</dev:defaultValue>
</command:parameter>
</command:syntaxItem>
</command:syntax>
<command:parameters><command:parameter required="false" variableLength="true" globbing="false" pipelineInput="False" position="named" aliases="AzureRmContext, AzureCredential"><maml:name>DefaultProfile</maml:name>
<maml:Description><maml:para>The credentials, account, tenant, and subscription used for communication with azure
</maml:para>
</maml:Description>
<command:parameterValue required="true" variableLength="false">Microsoft.Azure.Commands.Common.Authentication.Abstractions.IAzureContextContainer</command:parameterValue>
<dev:type><maml:name>Microsoft.Azure.Commands.Common.Authentication.Abstractions.IAzureContextContainer</maml:name>
<maml:uri /></dev:type>
<dev:defaultValue>None</dev:defaultValue>
</command:parameter>
<command:parameter required="true" variableLength="true" globbing="false" pipelineInput="True (ByPropertyName)" position="1" aliases="CognitiveServicesAccountName, AccountName"><maml:name>Name</maml:name>
<maml:Description><maml:para>Specifies the name of the account. This cmdlet gets the keys for this account.
</maml:para>
</maml:Description>
<command:parameterValue required="true" variableLength="false">System.String</command:parameterValue>
<dev:type><maml:name>System.String</maml:name>
<maml:uri /></dev:type>
<dev:defaultValue>None</dev:defaultValue>
</command:parameter>
<command:parameter required="true" variableLength="true" globbing="false" pipelineInput="True (ByPropertyName)" position="0" aliases="none"><maml:name>ResourceGroupName</maml:name>
<maml:Description><maml:para>Specifies the name of the resource group the account is assigned to.
</maml:para>
</maml:Description>
<command:parameterValue required="true" variableLength="false">System.String</command:parameterValue>
<dev:type><maml:name>System.String</maml:name>
<maml:uri /></dev:type>
<dev:defaultValue>None</dev:defaultValue>
</command:parameter>
</command:parameters>
<command:inputTypes><command:inputType><dev:type><maml:name>System.String</maml:name>
</dev:type>
<maml:description><maml:para>
</maml:para>
</maml:description>
</command:inputType>
</command:inputTypes>
<command:returnValues><command:returnValue><dev:type><maml:name>Microsoft.Azure.Commands.Management.CognitiveServices.Models.PSCognitiveServicesAccountKeys</maml:name>
</dev:type>
<maml:description><maml:para>
</maml:para>
</maml:description>
</command:returnValue>
</command:returnValues>
<maml:alertSet><maml:alert><maml:para>
</maml:para>
</maml:alert>
</maml:alertSet>
<command:examples><command:example><maml:title>Example 1</maml:title>
<dev:code>PS C:\&gt; Get-AzureRmCognitiveServicesAccountKey -ResourceGroupName cognitive-services-resource-group -name myluis

Key1                             Key2
----                             ----
xxxxxxxxxxxxxxxxxxxxxxxxxxxxxxxx xxxxxxxxxxxxxxxxxxxxxxxxxxxxxxxx</dev:code>
<dev:remarks><maml:para>
</maml:para>
<maml:para></maml:para>
<maml:para></maml:para>
</dev:remarks>
</command:example>
</command:examples>
<command:relatedLinks><maml:navigationLink><maml:linkText>Online Version:</maml:linkText>
<maml:uri>https://docs.microsoft.com/en-us/powershell/module/azurerm.cognitiveservices/get-azurermcognitiveservicesaccountkey</maml:uri>
</maml:navigationLink>
<maml:navigationLink><maml:linkText>New-AzureRmCognitiveServicesAccountKey</maml:linkText>
<maml:uri></maml:uri>
</maml:navigationLink>
</command:relatedLinks>
</command:command>
<command:command xmlns:maml="http://schemas.microsoft.com/maml/2004/10" xmlns:command="http://schemas.microsoft.com/maml/dev/command/2004/10" xmlns:dev="http://schemas.microsoft.com/maml/dev/2004/10" xmlns:MSHelp="http://msdn.microsoft.com/mshelp">
<command:details><command:name>Get-AzureRmCognitiveServicesAccountSkus</command:name>
<command:verb>Get</command:verb>
<command:noun>AzureRmCognitiveServicesAccountSkus</command:noun>
<maml:description><maml:para>Gets the available SKUs for an account.
</maml:para>
</maml:description>
</command:details>
<maml:description><maml:para>The Get-AzureRmCognitiveServicesAccountSkus cmdlet gets the available SKUs for a Cognitive Services account. The SKU is the tier plan for an account. It defines the price, call limit, and rate for the account. The F0 SKU is a free tier. Paid tiers include S0, S1, S2, and so on.
</maml:para>
</maml:description>
<command:syntax><command:syntaxItem><maml:name>Get-AzureRmCognitiveServicesAccountSkus</maml:name>
<command:parameter required="false" variableLength="true" globbing="false" pipelineInput="False" position="named" aliases="AzureRmContext, AzureCredential"><maml:name>DefaultProfile</maml:name>
<maml:Description><maml:para>The credentials, account, tenant, and subscription used for communication with azure
</maml:para>
</maml:Description>
<command:parameterValue required="true" variableLength="false">Microsoft.Azure.Commands.Common.Authentication.Abstractions.IAzureContextContainer</command:parameterValue>
<dev:type><maml:name>Microsoft.Azure.Commands.Common.Authentication.Abstractions.IAzureContextContainer</maml:name>
<maml:uri /></dev:type>
<dev:defaultValue>None</dev:defaultValue>
</command:parameter>
<command:parameter required="false" variableLength="true" globbing="false" pipelineInput="True (ByPropertyName)" position="named" aliases="none"><maml:name>Location</maml:name>
<maml:Description><maml:para>Cognitive Services Account Location.
</maml:para>
</maml:Description>
<command:parameterValue required="true" variableLength="false">System.String</command:parameterValue>
<dev:type><maml:name>System.String</maml:name>
<maml:uri /></dev:type>
<dev:defaultValue>None</dev:defaultValue>
</command:parameter>
<command:parameter required="false" variableLength="true" globbing="false" pipelineInput="True (ByPropertyName)" position="named" aliases="CognitiveServicesAccountType, AccountType, Kind"><maml:name>Type</maml:name>
<maml:Description><maml:para>Cognitive Services Account Type.
</maml:para>
</maml:Description>
<command:parameterValue required="true" variableLength="false">System.String</command:parameterValue>
<dev:type><maml:name>System.String</maml:name>
<maml:uri /></dev:type>
<dev:defaultValue>None</dev:defaultValue>
</command:parameter>
</command:syntaxItem>
<command:syntaxItem><maml:name>Get-AzureRmCognitiveServicesAccountSkus</maml:name>
<command:parameter required="true" variableLength="true" globbing="false" pipelineInput="True (ByPropertyName)" position="0" aliases="none"><maml:name>ResourceGroupName</maml:name>
<maml:Description><maml:para>Specifies the name of the resource group the account is assigned to.
</maml:para>
</maml:Description>
<command:parameterValue required="true" variableLength="false">System.String</command:parameterValue>
<dev:type><maml:name>System.String</maml:name>
<maml:uri /></dev:type>
<dev:defaultValue>None</dev:defaultValue>
</command:parameter>
<command:parameter required="true" variableLength="true" globbing="false" pipelineInput="True (ByPropertyName)" position="1" aliases="CognitiveServicesAccountName, AccountName"><maml:name>Name</maml:name>
<maml:Description><maml:para>Specifies the name of the account.
</maml:para>
</maml:Description>
<command:parameterValue required="true" variableLength="false">System.String</command:parameterValue>
<dev:type><maml:name>System.String</maml:name>
<maml:uri /></dev:type>
<dev:defaultValue>None</dev:defaultValue>
</command:parameter>
<command:parameter required="false" variableLength="true" globbing="false" pipelineInput="False" position="named" aliases="AzureRmContext, AzureCredential"><maml:name>DefaultProfile</maml:name>
<maml:Description><maml:para>The credentials, account, tenant, and subscription used for communication with azure
</maml:para>
</maml:Description>
<command:parameterValue required="true" variableLength="false">Microsoft.Azure.Commands.Common.Authentication.Abstractions.IAzureContextContainer</command:parameterValue>
<dev:type><maml:name>Microsoft.Azure.Commands.Common.Authentication.Abstractions.IAzureContextContainer</maml:name>
<maml:uri /></dev:type>
<dev:defaultValue>None</dev:defaultValue>
</command:parameter>
</command:syntaxItem>
</command:syntax>
<command:parameters><command:parameter required="false" variableLength="true" globbing="false" pipelineInput="False" position="named" aliases="AzureRmContext, AzureCredential"><maml:name>DefaultProfile</maml:name>
<maml:Description><maml:para>The credentials, account, tenant, and subscription used for communication with azure
</maml:para>
</maml:Description>
<command:parameterValue required="true" variableLength="false">Microsoft.Azure.Commands.Common.Authentication.Abstractions.IAzureContextContainer</command:parameterValue>
<dev:type><maml:name>Microsoft.Azure.Commands.Common.Authentication.Abstractions.IAzureContextContainer</maml:name>
<maml:uri /></dev:type>
<dev:defaultValue>None</dev:defaultValue>
</command:parameter>
<command:parameter required="false" variableLength="true" globbing="false" pipelineInput="True (ByPropertyName)" position="named" aliases="none"><maml:name>Location</maml:name>
<maml:Description><maml:para>Cognitive Services Account Location.
</maml:para>
</maml:Description>
<command:parameterValue required="true" variableLength="false">System.String</command:parameterValue>
<dev:type><maml:name>System.String</maml:name>
<maml:uri /></dev:type>
<dev:defaultValue>None</dev:defaultValue>
</command:parameter>
<command:parameter required="true" variableLength="true" globbing="false" pipelineInput="True (ByPropertyName)" position="1" aliases="CognitiveServicesAccountName, AccountName"><maml:name>Name</maml:name>
<maml:Description><maml:para>Specifies the name of the account.
</maml:para>
</maml:Description>
<command:parameterValue required="true" variableLength="false">System.String</command:parameterValue>
<dev:type><maml:name>System.String</maml:name>
<maml:uri /></dev:type>
<dev:defaultValue>None</dev:defaultValue>
</command:parameter>
<command:parameter required="true" variableLength="true" globbing="false" pipelineInput="True (ByPropertyName)" position="0" aliases="none"><maml:name>ResourceGroupName</maml:name>
<maml:Description><maml:para>Specifies the name of the resource group the account is assigned to.
</maml:para>
</maml:Description>
<command:parameterValue required="true" variableLength="false">System.String</command:parameterValue>
<dev:type><maml:name>System.String</maml:name>
<maml:uri /></dev:type>
<dev:defaultValue>None</dev:defaultValue>
</command:parameter>
<command:parameter required="false" variableLength="true" globbing="false" pipelineInput="True (ByPropertyName)" position="named" aliases="CognitiveServicesAccountType, AccountType, Kind"><maml:name>Type</maml:name>
<maml:Description><maml:para>Cognitive Services Account Type.
</maml:para>
</maml:Description>
<command:parameterValue required="true" variableLength="false">System.String</command:parameterValue>
<dev:type><maml:name>System.String</maml:name>
<maml:uri /></dev:type>
<dev:defaultValue>None</dev:defaultValue>
</command:parameter>
</command:parameters>
<command:inputTypes><command:inputType><dev:type><maml:name>System.String</maml:name>
</dev:type>
<maml:description><maml:para>
</maml:para>
</maml:description>
</command:inputType>
</command:inputTypes>
<command:returnValues><command:returnValue><dev:type><maml:name>Microsoft.Azure.Commands.Management.CognitiveServices.Models.PSCognitiveServicesSkus</maml:name>
</dev:type>
<maml:description><maml:para>
</maml:para>
</maml:description>
</command:returnValue>
</command:returnValues>
<maml:alertSet><maml:alert><maml:para>
</maml:para>
</maml:alert>
</maml:alertSet>
<command:examples><command:example><maml:title>Example 1</maml:title>
<dev:code>PS C:\&gt; (Get-AzureRmCognitiveServicesAccountSkus -ResourceGroupName cognitive-services-resource-group -Name myluis).Value | Select-Object -E
xpandProperty Sku;

Name     Tier
----     ----
F0       Free
S0   Standard</dev:code>
<dev:remarks><maml:para>
</maml:para>
<maml:para></maml:para>
<maml:para></maml:para>
</dev:remarks>
</command:example>
</command:examples>
<command:relatedLinks><maml:navigationLink><maml:linkText>Online Version:</maml:linkText>
<maml:uri>https://docs.microsoft.com/en-us/powershell/module/azurerm.cognitiveservices/get-azurermcognitiveservicesaccountskus</maml:uri>
</maml:navigationLink>
</command:relatedLinks>
</command:command>
<command:command xmlns:maml="http://schemas.microsoft.com/maml/2004/10" xmlns:command="http://schemas.microsoft.com/maml/dev/command/2004/10" xmlns:dev="http://schemas.microsoft.com/maml/dev/2004/10" xmlns:MSHelp="http://msdn.microsoft.com/mshelp">
<command:details><command:name>Get-AzureRmCognitiveServicesAccountType</command:name>
<command:verb>Get</command:verb>
<command:noun>AzureRmCognitiveServicesAccountType</command:noun>
<maml:description><maml:para>Gets the available Cognitive Services Account Types.
</maml:para>
</maml:description>
</command:details>
<maml:description><maml:para>The Get-AzureRmCognitiveServicesAccountType cmdlet gets the available Cognitive Services Account Types under this subscription.
</maml:para>
</maml:description>
<command:syntax><command:syntaxItem><maml:name>Get-AzureRmCognitiveServicesAccountType</maml:name>
<command:parameter required="false" variableLength="true" globbing="false" pipelineInput="False" position="named" aliases="AzureRmContext, AzureCredential"><maml:name>DefaultProfile</maml:name>
<maml:Description><maml:para>The credentials, account, tenant, and subscription used for communication with Azure.
</maml:para>
</maml:Description>
<command:parameterValue required="true" variableLength="false">Microsoft.Azure.Commands.Common.Authentication.Abstractions.IAzureContextContainer</command:parameterValue>
<dev:type><maml:name>Microsoft.Azure.Commands.Common.Authentication.Abstractions.IAzureContextContainer</maml:name>
<maml:uri /></dev:type>
<dev:defaultValue>None</dev:defaultValue>
</command:parameter>
<command:parameter required="false" variableLength="true" globbing="false" pipelineInput="True (ByPropertyName)" position="named" aliases="none"><maml:name>Location</maml:name>
<maml:Description><maml:para>Cognitive Services Account Location.
</maml:para>
</maml:Description>
<command:parameterValue required="true" variableLength="false">System.String</command:parameterValue>
<dev:type><maml:name>System.String</maml:name>
<maml:uri /></dev:type>
<dev:defaultValue>None</dev:defaultValue>
</command:parameter>
</command:syntaxItem>
<command:syntaxItem><maml:name>Get-AzureRmCognitiveServicesAccountType</maml:name>
<command:parameter required="false" variableLength="true" globbing="false" pipelineInput="False" position="named" aliases="AzureRmContext, AzureCredential"><maml:name>DefaultProfile</maml:name>
<maml:Description><maml:para>The credentials, account, tenant, and subscription used for communication with Azure.
</maml:para>
</maml:Description>
<command:parameterValue required="true" variableLength="false">Microsoft.Azure.Commands.Common.Authentication.Abstractions.IAzureContextContainer</command:parameterValue>
<dev:type><maml:name>Microsoft.Azure.Commands.Common.Authentication.Abstractions.IAzureContextContainer</maml:name>
<maml:uri /></dev:type>
<dev:defaultValue>None</dev:defaultValue>
</command:parameter>
<command:parameter required="true" variableLength="true" globbing="false" pipelineInput="True (ByPropertyName)" position="named" aliases="CognitiveServicesAccountTypeName, AccountTypeName, KindName"><maml:name>TypeName</maml:name>
<maml:Description><maml:para>Cognitive Services Account Type Name.
</maml:para>
</maml:Description>
<command:parameterValue required="true" variableLength="false">System.String</command:parameterValue>
<dev:type><maml:name>System.String</maml:name>
<maml:uri /></dev:type>
<dev:defaultValue>None</dev:defaultValue>
</command:parameter>
</command:syntaxItem>
</command:syntax>
<command:parameters><command:parameter required="false" variableLength="true" globbing="false" pipelineInput="False" position="named" aliases="AzureRmContext, AzureCredential"><maml:name>DefaultProfile</maml:name>
<maml:Description><maml:para>The credentials, account, tenant, and subscription used for communication with Azure.
</maml:para>
</maml:Description>
<command:parameterValue required="true" variableLength="false">Microsoft.Azure.Commands.Common.Authentication.Abstractions.IAzureContextContainer</command:parameterValue>
<dev:type><maml:name>Microsoft.Azure.Commands.Common.Authentication.Abstractions.IAzureContextContainer</maml:name>
<maml:uri /></dev:type>
<dev:defaultValue>None</dev:defaultValue>
</command:parameter>
<command:parameter required="false" variableLength="true" globbing="false" pipelineInput="True (ByPropertyName)" position="named" aliases="none"><maml:name>Location</maml:name>
<maml:Description><maml:para>Cognitive Services Account Location.
</maml:para>
</maml:Description>
<command:parameterValue required="true" variableLength="false">System.String</command:parameterValue>
<dev:type><maml:name>System.String</maml:name>
<maml:uri /></dev:type>
<dev:defaultValue>None</dev:defaultValue>
</command:parameter>
<command:parameter required="true" variableLength="true" globbing="false" pipelineInput="True (ByPropertyName)" position="named" aliases="CognitiveServicesAccountTypeName, AccountTypeName, KindName"><maml:name>TypeName</maml:name>
<maml:Description><maml:para>Cognitive Services Account Type Name.
</maml:para>
</maml:Description>
<command:parameterValue required="true" variableLength="false">System.String</command:parameterValue>
<dev:type><maml:name>System.String</maml:name>
<maml:uri /></dev:type>
<dev:defaultValue>None</dev:defaultValue>
</command:parameter>
</command:parameters>
<command:inputTypes><command:inputType><dev:type><maml:name>System.String</maml:name>
</dev:type>
<maml:description><maml:para>
</maml:para>
</maml:description>
</command:inputType>
</command:inputTypes>
<command:returnValues><command:returnValue><dev:type><maml:name>System.String[]</maml:name>
</dev:type>
<maml:description><maml:para>
</maml:para>
</maml:description>
</command:returnValue>
<command:returnValue><dev:type><maml:name>System.String</maml:name>
</dev:type>
<maml:description><maml:para>
</maml:para>
</maml:description>
</command:returnValue>
</command:returnValues>
<maml:alertSet><maml:alert><maml:para>
</maml:para>
</maml:alert>
</maml:alertSet>
<command:examples><command:example><maml:title>Example 1</maml:title>
<dev:code>PS C:\&gt; Get-AzureRmCognitiveServicesAccountType</dev:code>
<dev:remarks><maml:para>Get the list of available Types.
</maml:para>
<maml:para></maml:para>
<maml:para></maml:para>
</dev:remarks>
</command:example>
<command:example><maml:title>Example 2</maml:title>
<dev:code>PS C:\&gt; Get-AzureRmCognitiveServicesAccountType -Location westus</dev:code>
<dev:remarks><maml:para>Get the list of available Types in westus.
</maml:para>
<maml:para></maml:para>
<maml:para></maml:para>
</dev:remarks>
</command:example>
<command:example><maml:title>Example 3</maml:title>
<dev:code>PS C:\&gt; Get-AzureRmCognitiveServicesAccountType -TypeName Face

Face</dev:code>
<dev:remarks><maml:para>Check if `Face` is a valid Type name, the name will be returned if it is a valid name.
</maml:para>
<maml:para></maml:para>
<maml:para></maml:para>
</dev:remarks>
</command:example>
</command:examples>
<command:relatedLinks><maml:navigationLink><maml:linkText>Online Version:</maml:linkText>
<maml:uri>https://docs.microsoft.com/en-us/powershell/module/azurerm.cognitiveservices/get-azurermcognitiveservicesaccounttype</maml:uri>
</maml:navigationLink>
</command:relatedLinks>
</command:command>
<command:command xmlns:maml="http://schemas.microsoft.com/maml/2004/10" xmlns:command="http://schemas.microsoft.com/maml/dev/command/2004/10" xmlns:dev="http://schemas.microsoft.com/maml/dev/2004/10" xmlns:MSHelp="http://msdn.microsoft.com/mshelp">
<command:details><command:name>Get-AzureRmCognitiveServicesAccountUsage</command:name>
<command:verb>Get</command:verb>
<command:noun>AzureRmCognitiveServicesAccountUsage</command:noun>
<maml:description><maml:para>Get current usages for a Cognitive Services account.
</maml:para>
</maml:description>
</command:details>
<maml:description><maml:para>The Get-AzureRmCognitiveServicesAccountUsage cmdlet gets current usages for a Cognitive Services account.
</maml:para>
</maml:description>
<command:syntax><command:syntaxItem><maml:name>Get-AzureRmCognitiveServicesAccountUsage</maml:name>
<command:parameter required="true" variableLength="true" globbing="false" pipelineInput="True (ByValue)" position="0" aliases="none"><maml:name>InputObject</maml:name>
<maml:Description><maml:para>Cognitive Services Account Object.
</maml:para>
</maml:Description>
<command:parameterValue required="true" variableLength="false">Microsoft.Azure.Commands.Management.CognitiveServices.Models.PSCognitiveServicesAccount</command:parameterValue>
<dev:type><maml:name>Microsoft.Azure.Commands.Management.CognitiveServices.Models.PSCognitiveServicesAccount</maml:name>
<maml:uri /></dev:type>
<dev:defaultValue>None</dev:defaultValue>
</command:parameter>
<command:parameter required="false" variableLength="true" globbing="false" pipelineInput="False" position="named" aliases="AzureRmContext, AzureCredential"><maml:name>DefaultProfile</maml:name>
<maml:Description><maml:para>The credentials, account, tenant, and subscription used for communication with Azure.
</maml:para>
</maml:Description>
<command:parameterValue required="true" variableLength="false">Microsoft.Azure.Commands.Common.Authentication.Abstractions.IAzureContextContainer</command:parameterValue>
<dev:type><maml:name>Microsoft.Azure.Commands.Common.Authentication.Abstractions.IAzureContextContainer</maml:name>
<maml:uri /></dev:type>
<dev:defaultValue>None</dev:defaultValue>
</command:parameter>
</command:syntaxItem>
<command:syntaxItem><maml:name>Get-AzureRmCognitiveServicesAccountUsage</maml:name>
<command:parameter required="true" variableLength="true" globbing="false" pipelineInput="False" position="0" aliases="none"><maml:name>ResourceGroupName</maml:name>
<maml:Description><maml:para>Resource Group Name.
</maml:para>
</maml:Description>
<command:parameterValue required="true" variableLength="false">System.String</command:parameterValue>
<dev:type><maml:name>System.String</maml:name>
<maml:uri /></dev:type>
<dev:defaultValue>None</dev:defaultValue>
</command:parameter>
<command:parameter required="true" variableLength="true" globbing="false" pipelineInput="False" position="1" aliases="CognitiveServicesAccountName, AccountName"><maml:name>Name</maml:name>
<maml:Description><maml:para>Cognitive Services Account Name.
</maml:para>
</maml:Description>
<command:parameterValue required="true" variableLength="false">System.String</command:parameterValue>
<dev:type><maml:name>System.String</maml:name>
<maml:uri /></dev:type>
<dev:defaultValue>None</dev:defaultValue>
</command:parameter>
<command:parameter required="false" variableLength="true" globbing="false" pipelineInput="False" position="named" aliases="AzureRmContext, AzureCredential"><maml:name>DefaultProfile</maml:name>
<maml:Description><maml:para>The credentials, account, tenant, and subscription used for communication with Azure.
</maml:para>
</maml:Description>
<command:parameterValue required="true" variableLength="false">Microsoft.Azure.Commands.Common.Authentication.Abstractions.IAzureContextContainer</command:parameterValue>
<dev:type><maml:name>Microsoft.Azure.Commands.Common.Authentication.Abstractions.IAzureContextContainer</maml:name>
<maml:uri /></dev:type>
<dev:defaultValue>None</dev:defaultValue>
</command:parameter>
</command:syntaxItem>
<command:syntaxItem><maml:name>Get-AzureRmCognitiveServicesAccountUsage</maml:name>
<command:parameter required="true" variableLength="true" globbing="false" pipelineInput="True (ByPropertyName)" position="0" aliases="none"><maml:name>ResourceId</maml:name>
<maml:Description><maml:para>Cognitive Services Account Resource ID.
</maml:para>
</maml:Description>
<command:parameterValue required="true" variableLength="false">System.String</command:parameterValue>
<dev:type><maml:name>System.String</maml:name>
<maml:uri /></dev:type>
<dev:defaultValue>None</dev:defaultValue>
</command:parameter>
<command:parameter required="false" variableLength="true" globbing="false" pipelineInput="False" position="named" aliases="AzureRmContext, AzureCredential"><maml:name>DefaultProfile</maml:name>
<maml:Description><maml:para>The credentials, account, tenant, and subscription used for communication with Azure.
</maml:para>
</maml:Description>
<command:parameterValue required="true" variableLength="false">Microsoft.Azure.Commands.Common.Authentication.Abstractions.IAzureContextContainer</command:parameterValue>
<dev:type><maml:name>Microsoft.Azure.Commands.Common.Authentication.Abstractions.IAzureContextContainer</maml:name>
<maml:uri /></dev:type>
<dev:defaultValue>None</dev:defaultValue>
</command:parameter>
</command:syntaxItem>
</command:syntax>
<command:parameters><command:parameter required="false" variableLength="true" globbing="false" pipelineInput="False" position="named" aliases="AzureRmContext, AzureCredential"><maml:name>DefaultProfile</maml:name>
<maml:Description><maml:para>The credentials, account, tenant, and subscription used for communication with Azure.
</maml:para>
</maml:Description>
<command:parameterValue required="true" variableLength="false">Microsoft.Azure.Commands.Common.Authentication.Abstractions.IAzureContextContainer</command:parameterValue>
<dev:type><maml:name>Microsoft.Azure.Commands.Common.Authentication.Abstractions.IAzureContextContainer</maml:name>
<maml:uri /></dev:type>
<dev:defaultValue>None</dev:defaultValue>
</command:parameter>
<command:parameter required="true" variableLength="true" globbing="false" pipelineInput="True (ByValue)" position="0" aliases="none"><maml:name>InputObject</maml:name>
<maml:Description><maml:para>Cognitive Services Account Object.
</maml:para>
</maml:Description>
<command:parameterValue required="true" variableLength="false">Microsoft.Azure.Commands.Management.CognitiveServices.Models.PSCognitiveServicesAccount</command:parameterValue>
<dev:type><maml:name>Microsoft.Azure.Commands.Management.CognitiveServices.Models.PSCognitiveServicesAccount</maml:name>
<maml:uri /></dev:type>
<dev:defaultValue>None</dev:defaultValue>
</command:parameter>
<command:parameter required="true" variableLength="true" globbing="false" pipelineInput="False" position="1" aliases="CognitiveServicesAccountName, AccountName"><maml:name>Name</maml:name>
<maml:Description><maml:para>Cognitive Services Account Name.
</maml:para>
</maml:Description>
<command:parameterValue required="true" variableLength="false">System.String</command:parameterValue>
<dev:type><maml:name>System.String</maml:name>
<maml:uri /></dev:type>
<dev:defaultValue>None</dev:defaultValue>
</command:parameter>
<command:parameter required="true" variableLength="true" globbing="false" pipelineInput="False" position="0" aliases="none"><maml:name>ResourceGroupName</maml:name>
<maml:Description><maml:para>Resource Group Name.
</maml:para>
</maml:Description>
<command:parameterValue required="true" variableLength="false">System.String</command:parameterValue>
<dev:type><maml:name>System.String</maml:name>
<maml:uri /></dev:type>
<dev:defaultValue>None</dev:defaultValue>
</command:parameter>
<command:parameter required="true" variableLength="true" globbing="false" pipelineInput="True (ByPropertyName)" position="0" aliases="none"><maml:name>ResourceId</maml:name>
<maml:Description><maml:para>Cognitive Services Account Resource ID.
</maml:para>
</maml:Description>
<command:parameterValue required="true" variableLength="false">System.String</command:parameterValue>
<dev:type><maml:name>System.String</maml:name>
<maml:uri /></dev:type>
<dev:defaultValue>None</dev:defaultValue>
</command:parameter>
</command:parameters>
<command:inputTypes><command:inputType><dev:type><maml:name>Microsoft.Azure.Commands.Management.CognitiveServices.Models.PSCognitiveServicesAccount</maml:name>
</dev:type>
<maml:description><maml:para>Parameters: InputObject (ByValue)
</maml:para>
</maml:description>
</command:inputType>
<command:inputType><dev:type><maml:name>System.String</maml:name>
</dev:type>
<maml:description><maml:para>
</maml:para>
</maml:description>
</command:inputType>
</command:inputTypes>
<command:returnValues><command:returnValue><dev:type><maml:name>Microsoft.Azure.Commands.Management.CognitiveServices.Models.PSCognitiveServicesUsage</maml:name>
</dev:type>
<maml:description><maml:para>
</maml:para>
</maml:description>
</command:returnValue>
</command:returnValues>
<maml:alertSet><maml:alert><maml:para>
</maml:para>
</maml:alert>
</maml:alertSet>
<command:examples><command:example><maml:title>Example 1</maml:title>
<dev:code>PS C:\&gt; Get-AzureRmCognitiveServicesAccountUsage -ResourceGroupName TestUsages -Name TestCVUsages_Prediction

CurrentValue  : 0
Name          : CustomVision.Prediction.Transactions
Limit         : 10000
Status        : Included
Unit          : Count
QuotaPeriod   : 30.00:00:00
NextResetTime : 0001-01-01T00:00:00Z</dev:code>
<dev:remarks><maml:para>
</maml:para>
<maml:para></maml:para>
<maml:para></maml:para>
</dev:remarks>
</command:example>
<command:example><maml:title>Example 2</maml:title>
<dev:code>PS C:\GitHub&gt; $acc = Get-AzureRmCognitiveServicesAccount -ResourceGroupName TestUsages -Name TestCVUsages_Prediction

PS C:\GitHub&gt; Get-AzureRmCognitiveServicesAccountUsage -InputObject $acc


CurrentValue  : 0
Name          : CustomVision.Prediction.Transactions
Limit         : 10000
Status        : Included
Unit          : Count
QuotaPeriod   : 30.00:00:00
NextResetTime : 0001-01-01T00:00:00Z</dev:code>
<dev:remarks><maml:para>
</maml:para>
<maml:para></maml:para>
<maml:para></maml:para>
</dev:remarks>
</command:example>
<command:example><maml:title>Example 3</maml:title>
<dev:code>PS C:\GitHub&gt; $acc = Get-AzureRmCognitiveServicesAccount -ResourceGroupName TestUsages -Name TestCVUsages_Prediction

PS C:\GitHub&gt; Get-AzureRmCognitiveServicesAccountUsage -ResourceId $acc.Id


CurrentValue  : 0
Name          : CustomVision.Prediction.Transactions
Limit         : 10000
Status        : Included
Unit          : Count
QuotaPeriod   : 30.00:00:00
NextResetTime : 0001-01-01T00:00:00Z</dev:code>
<dev:remarks><maml:para>
</maml:para>
<maml:para></maml:para>
<maml:para></maml:para>
</dev:remarks>
</command:example>
</command:examples>
<command:relatedLinks><maml:navigationLink><maml:linkText>Online Version:</maml:linkText>
<maml:uri>https://docs.microsoft.com/en-us/powershell/module/azurerm.cognitiveservices/get-azurermcognitiveservicesaccountusage</maml:uri>
</maml:navigationLink>
</command:relatedLinks>
</command:command>
<command:command xmlns:maml="http://schemas.microsoft.com/maml/2004/10" xmlns:command="http://schemas.microsoft.com/maml/dev/command/2004/10" xmlns:dev="http://schemas.microsoft.com/maml/dev/2004/10" xmlns:MSHelp="http://msdn.microsoft.com/mshelp">
<command:details><command:name>New-AzureRmCognitiveServicesAccount</command:name>
<command:verb>New</command:verb>
<command:noun>AzureRmCognitiveServicesAccount</command:noun>
<maml:description><maml:para>Creates a Cognitive Services account.
</maml:para>
</maml:description>
</command:details>
<maml:description><maml:para>The New-AzureRmCognitiveServicesAccount cmdlet creates a Cognitive Services account with the specified type and SKU.
</maml:para>
</maml:description>
<command:syntax><command:syntaxItem><maml:name>New-AzureRmCognitiveServicesAccount</maml:name>
<command:parameter required="true" variableLength="true" globbing="false" pipelineInput="True (ByPropertyName)" position="0" aliases="none"><maml:name>ResourceGroupName</maml:name>
<maml:Description><maml:para>Specifies the name of the resource group to which to assign the account. The resource group must already exist.
</maml:para>
</maml:Description>
<command:parameterValue required="true" variableLength="false">System.String</command:parameterValue>
<dev:type><maml:name>System.String</maml:name>
<maml:uri /></dev:type>
<dev:defaultValue>None</dev:defaultValue>
</command:parameter>
<command:parameter required="true" variableLength="true" globbing="false" pipelineInput="True (ByPropertyName)" position="1" aliases="CognitiveServicesAccountName, AccountName"><maml:name>Name</maml:name>
<maml:Description><maml:para>Specifies the name for the account.
</maml:para>
</maml:Description>
<command:parameterValue required="true" variableLength="false">System.String</command:parameterValue>
<dev:type><maml:name>System.String</maml:name>
<maml:uri /></dev:type>
<dev:defaultValue>None</dev:defaultValue>
</command:parameter>
<command:parameter required="true" variableLength="true" globbing="false" pipelineInput="True (ByPropertyName)" position="2" aliases="CognitiveServicesAccountType, AccountType, Kind"><maml:name>Type</maml:name>
<maml:Description><maml:para>Specifies the type of account to create. Use `Get-AzureRmCognitiveServicesAccountType` cmdlet to get current acceptable values.
</maml:para>
</maml:Description>
<command:parameterValue required="true" variableLength="false">System.String</command:parameterValue>
<dev:type><maml:name>System.String</maml:name>
<maml:uri /></dev:type>
<dev:defaultValue>None</dev:defaultValue>
</command:parameter>
<command:parameter required="true" variableLength="true" globbing="false" pipelineInput="True (ByPropertyName)" position="3" aliases="none"><maml:name>SkuName</maml:name>
<maml:Description><maml:para>Specifies the SKU for the account. The acceptable values for this parameter are: - F0 (free tier)
</maml:para>
<maml:para>- S0
</maml:para>
<maml:para>- S1
</maml:para>
<maml:para>- S2
</maml:para>
<maml:para>- S3
</maml:para>
<maml:para>- S4
</maml:para>
<maml:para>For more information, see Cognitive Service APIs (https://www.microsoft.com/cognitive-services/en-us/apis).
</maml:para>
</maml:Description>
<command:parameterValue required="true" variableLength="false">System.String</command:parameterValue>
<dev:type><maml:name>System.String</maml:name>
<maml:uri /></dev:type>
<dev:defaultValue>None</dev:defaultValue>
</command:parameter>
<command:parameter required="true" variableLength="true" globbing="false" pipelineInput="True (ByPropertyName)" position="4" aliases="none"><maml:name>Location</maml:name>
<maml:Description><maml:para>Specifies the location in which to create the account.
</maml:para>
</maml:Description>
<command:parameterValue required="true" variableLength="false">System.String</command:parameterValue>
<dev:type><maml:name>System.String</maml:name>
<maml:uri /></dev:type>
<dev:defaultValue>None</dev:defaultValue>
</command:parameter>
<command:parameter required="false" variableLength="true" globbing="false" pipelineInput="False" position="named" aliases="AzureRmContext, AzureCredential"><maml:name>DefaultProfile</maml:name>
<maml:Description><maml:para>The credentials, account, tenant, and subscription used for communication with azure
</maml:para>
</maml:Description>
<command:parameterValue required="true" variableLength="false">Microsoft.Azure.Commands.Common.Authentication.Abstractions.IAzureContextContainer</command:parameterValue>
<dev:type><maml:name>Microsoft.Azure.Commands.Common.Authentication.Abstractions.IAzureContextContainer</maml:name>
<maml:uri /></dev:type>
<dev:defaultValue>None</dev:defaultValue>
</command:parameter>
<command:parameter required="false" variableLength="true" globbing="false" pipelineInput="False" position="named" aliases="none"><maml:name>Force</maml:name>
<maml:Description><maml:para>Forces the command to run without asking for user confirmation.
</maml:para>
</maml:Description>
<command:parameterValue required="true" variableLength="false">System.Management.Automation.SwitchParameter</command:parameterValue>
<dev:type><maml:name>System.Management.Automation.SwitchParameter</maml:name>
<maml:uri /></dev:type>
<dev:defaultValue>None</dev:defaultValue>
</command:parameter>
<command:parameter required="false" variableLength="true" globbing="false" pipelineInput="False" position="named" aliases="Tags"><maml:name>Tag</maml:name>
<maml:Description><maml:para>Specifies a tag as a name/value pair.
</maml:para>
</maml:Description>
<command:parameterValue required="true" variableLength="false">System.Collections.Hashtable[]</command:parameterValue>
<dev:type><maml:name>System.Collections.Hashtable[]</maml:name>
<maml:uri /></dev:type>
<dev:defaultValue>None</dev:defaultValue>
</command:parameter>
<command:parameter required="false" variableLength="true" globbing="false" pipelineInput="False" position="named" aliases="cf"><maml:name>Confirm</maml:name>
<maml:Description><maml:para>Prompts you for confirmation before running the cmdlet.
</maml:para>
</maml:Description>
<command:parameterValue required="true" variableLength="false">System.Management.Automation.SwitchParameter</command:parameterValue>
<dev:type><maml:name>System.Management.Automation.SwitchParameter</maml:name>
<maml:uri /></dev:type>
<dev:defaultValue>False</dev:defaultValue>
</command:parameter>
<command:parameter required="false" variableLength="true" globbing="false" pipelineInput="False" position="named" aliases="wi"><maml:name>WhatIf</maml:name>
<maml:Description><maml:para>Shows what would happen if the cmdlet runs. The cmdlet is not run.
</maml:para>
</maml:Description>
<command:parameterValue required="true" variableLength="false">System.Management.Automation.SwitchParameter</command:parameterValue>
<dev:type><maml:name>System.Management.Automation.SwitchParameter</maml:name>
<maml:uri /></dev:type>
<dev:defaultValue>False</dev:defaultValue>
</command:parameter>
</command:syntaxItem>
</command:syntax>
<command:parameters><command:parameter required="false" variableLength="true" globbing="false" pipelineInput="False" position="named" aliases="AzureRmContext, AzureCredential"><maml:name>DefaultProfile</maml:name>
<maml:Description><maml:para>The credentials, account, tenant, and subscription used for communication with azure
</maml:para>
</maml:Description>
<command:parameterValue required="true" variableLength="false">Microsoft.Azure.Commands.Common.Authentication.Abstractions.IAzureContextContainer</command:parameterValue>
<dev:type><maml:name>Microsoft.Azure.Commands.Common.Authentication.Abstractions.IAzureContextContainer</maml:name>
<maml:uri /></dev:type>
<dev:defaultValue>None</dev:defaultValue>
</command:parameter>
<command:parameter required="false" variableLength="true" globbing="false" pipelineInput="False" position="named" aliases="none"><maml:name>Force</maml:name>
<maml:Description><maml:para>Forces the command to run without asking for user confirmation.
</maml:para>
</maml:Description>
<command:parameterValue required="true" variableLength="false">System.Management.Automation.SwitchParameter</command:parameterValue>
<dev:type><maml:name>System.Management.Automation.SwitchParameter</maml:name>
<maml:uri /></dev:type>
<dev:defaultValue>None</dev:defaultValue>
</command:parameter>
<command:parameter required="true" variableLength="true" globbing="false" pipelineInput="True (ByPropertyName)" position="4" aliases="none"><maml:name>Location</maml:name>
<maml:Description><maml:para>Specifies the location in which to create the account.
</maml:para>
</maml:Description>
<command:parameterValue required="true" variableLength="false">System.String</command:parameterValue>
<dev:type><maml:name>System.String</maml:name>
<maml:uri /></dev:type>
<dev:defaultValue>None</dev:defaultValue>
</command:parameter>
<command:parameter required="true" variableLength="true" globbing="false" pipelineInput="True (ByPropertyName)" position="1" aliases="CognitiveServicesAccountName, AccountName"><maml:name>Name</maml:name>
<maml:Description><maml:para>Specifies the name for the account.
</maml:para>
</maml:Description>
<command:parameterValue required="true" variableLength="false">System.String</command:parameterValue>
<dev:type><maml:name>System.String</maml:name>
<maml:uri /></dev:type>
<dev:defaultValue>None</dev:defaultValue>
</command:parameter>
<command:parameter required="true" variableLength="true" globbing="false" pipelineInput="True (ByPropertyName)" position="0" aliases="none"><maml:name>ResourceGroupName</maml:name>
<maml:Description><maml:para>Specifies the name of the resource group to which to assign the account. The resource group must already exist.
</maml:para>
</maml:Description>
<command:parameterValue required="true" variableLength="false">System.String</command:parameterValue>
<dev:type><maml:name>System.String</maml:name>
<maml:uri /></dev:type>
<dev:defaultValue>None</dev:defaultValue>
</command:parameter>
<command:parameter required="true" variableLength="true" globbing="false" pipelineInput="True (ByPropertyName)" position="3" aliases="none"><maml:name>SkuName</maml:name>
<maml:Description><maml:para>Specifies the SKU for the account. The acceptable values for this parameter are: - F0 (free tier)
</maml:para>
<maml:para>- S0
</maml:para>
<maml:para>- S1
</maml:para>
<maml:para>- S2
</maml:para>
<maml:para>- S3
</maml:para>
<maml:para>- S4
</maml:para>
<maml:para>For more information, see Cognitive Service APIs (https://www.microsoft.com/cognitive-services/en-us/apis).
</maml:para>
</maml:Description>
<command:parameterValue required="true" variableLength="false">System.String</command:parameterValue>
<dev:type><maml:name>System.String</maml:name>
<maml:uri /></dev:type>
<dev:defaultValue>None</dev:defaultValue>
</command:parameter>
<command:parameter required="false" variableLength="true" globbing="false" pipelineInput="False" position="named" aliases="Tags"><maml:name>Tag</maml:name>
<maml:Description><maml:para>Specifies a tag as a name/value pair.
</maml:para>
</maml:Description>
<command:parameterValue required="true" variableLength="false">System.Collections.Hashtable[]</command:parameterValue>
<dev:type><maml:name>System.Collections.Hashtable[]</maml:name>
<maml:uri /></dev:type>
<dev:defaultValue>None</dev:defaultValue>
</command:parameter>
<command:parameter required="true" variableLength="true" globbing="false" pipelineInput="True (ByPropertyName)" position="2" aliases="CognitiveServicesAccountType, AccountType, Kind"><maml:name>Type</maml:name>
<maml:Description><maml:para>Specifies the type of account to create. Use `Get-AzureRmCognitiveServicesAccountType` cmdlet to get current acceptable values.
</maml:para>
</maml:Description>
<command:parameterValue required="true" variableLength="false">System.String</command:parameterValue>
<dev:type><maml:name>System.String</maml:name>
<maml:uri /></dev:type>
<dev:defaultValue>None</dev:defaultValue>
</command:parameter>
<command:parameter required="false" variableLength="true" globbing="false" pipelineInput="False" position="named" aliases="cf"><maml:name>Confirm</maml:name>
<maml:Description><maml:para>Prompts you for confirmation before running the cmdlet.
</maml:para>
</maml:Description>
<command:parameterValue required="true" variableLength="false">System.Management.Automation.SwitchParameter</command:parameterValue>
<dev:type><maml:name>System.Management.Automation.SwitchParameter</maml:name>
<maml:uri /></dev:type>
<dev:defaultValue>False</dev:defaultValue>
</command:parameter>
<command:parameter required="false" variableLength="true" globbing="false" pipelineInput="False" position="named" aliases="wi"><maml:name>WhatIf</maml:name>
<maml:Description><maml:para>Shows what would happen if the cmdlet runs. The cmdlet is not run.
</maml:para>
</maml:Description>
<command:parameterValue required="true" variableLength="false">System.Management.Automation.SwitchParameter</command:parameterValue>
<dev:type><maml:name>System.Management.Automation.SwitchParameter</maml:name>
<maml:uri /></dev:type>
<dev:defaultValue>False</dev:defaultValue>
</command:parameter>
</command:parameters>
<command:inputTypes><command:inputType><dev:type><maml:name>System.String</maml:name>
</dev:type>
<maml:description><maml:para>
</maml:para>
</maml:description>
</command:inputType>
</command:inputTypes>
<command:returnValues><command:returnValue><dev:type><maml:name>Microsoft.Azure.Commands.Management.CognitiveServices.Models.PSCognitiveServicesAccount</maml:name>
</dev:type>
<maml:description><maml:para>
</maml:para>
</maml:description>
</command:returnValue>
</command:returnValues>
<maml:alertSet><maml:alert><maml:para>
</maml:para>
</maml:alert>
</maml:alertSet>
<command:examples><command:example><maml:title>1:</maml:title>
<dev:code>PS C:\&gt; New-AzureRmCognitiveServicesAccount -ResourceGroupName cognitive-services-resource-group -name myluis -Type LUIS -SkuName S0 -Locatio
n 'WestUS'


ResourceGroupName : cognitive-services-resource-group
AccountName       : myluis
Id                : /subscriptions/xxxxxxxx-xxxx-xxxx-xxxx-xxxxxxxxxxxx/resourceGroups/cognitive-services-resource-group/providers/Microsoft.Cog
                    nitiveServices/accounts/myluis
Endpoint          : https://westus.api.cognitive.microsoft.com/luis/v2.0
Location          : WestUS
Sku               : Microsoft.Azure.Management.CognitiveServices.Models.Sku
AccountType       : LUIS
ResourceType      : Microsoft.CognitiveServices/accounts
Etag              : "xxxxxxxx-xxxx-xxxx-xxxx-xxxxxxxxxxxx"
ProvisioningState : Succeeded
Tags              :</dev:code>
<dev:remarks><maml:para>
</maml:para>
<maml:para></maml:para>
<maml:para></maml:para>
</dev:remarks>
</command:example>
</command:examples>
<command:relatedLinks><maml:navigationLink><maml:linkText>Online Version:</maml:linkText>
<maml:uri>https://docs.microsoft.com/en-us/powershell/module/azurerm.cognitiveservices/new-azurermcognitiveservicesaccount</maml:uri>
</maml:navigationLink>
<maml:navigationLink><maml:linkText>Get-AzureRmCognitiveServicesAccount</maml:linkText>
<maml:uri></maml:uri>
</maml:navigationLink>
<maml:navigationLink><maml:linkText>Remove-AzureRmCognitiveServicesAccount</maml:linkText>
<maml:uri></maml:uri>
</maml:navigationLink>
<maml:navigationLink><maml:linkText>Set-AzureRmCognitiveServicesAccount</maml:linkText>
<maml:uri></maml:uri>
</maml:navigationLink>
</command:relatedLinks>
</command:command>
<command:command xmlns:maml="http://schemas.microsoft.com/maml/2004/10" xmlns:command="http://schemas.microsoft.com/maml/dev/command/2004/10" xmlns:dev="http://schemas.microsoft.com/maml/dev/2004/10" xmlns:MSHelp="http://msdn.microsoft.com/mshelp">
<command:details><command:name>New-AzureRmCognitiveServicesAccountKey</command:name>
<command:verb>New</command:verb>
<command:noun>AzureRmCognitiveServicesAccountKey</command:noun>
<maml:description><maml:para>Regenerates an account key.
</maml:para>
</maml:description>
</command:details>
<maml:description><maml:para>The New-AzureRmCognitiveServicesAccountKey cmdlet regenerates an API key for a Cognitive Services account.
</maml:para>
</maml:description>
<command:syntax><command:syntaxItem><maml:name>New-AzureRmCognitiveServicesAccountKey</maml:name>
<command:parameter required="true" variableLength="true" globbing="false" pipelineInput="True (ByPropertyName)" position="0" aliases="none"><maml:name>ResourceGroupName</maml:name>
<maml:Description><maml:para>Specifies the name of the resource group the account is assigned to.
</maml:para>
</maml:Description>
<command:parameterValue required="true" variableLength="false">System.String</command:parameterValue>
<dev:type><maml:name>System.String</maml:name>
<maml:uri /></dev:type>
<dev:defaultValue>None</dev:defaultValue>
</command:parameter>
<command:parameter required="true" variableLength="true" globbing="false" pipelineInput="True (ByPropertyName)" position="1" aliases="CognitiveServicesAccountName, AccountName"><maml:name>Name</maml:name>
<maml:Description><maml:para>Specifies the name of the account.
</maml:para>
</maml:Description>
<command:parameterValue required="true" variableLength="false">System.String</command:parameterValue>
<dev:type><maml:name>System.String</maml:name>
<maml:uri /></dev:type>
<dev:defaultValue>None</dev:defaultValue>
</command:parameter>
<command:parameter required="true" variableLength="true" globbing="false" pipelineInput="True (ByPropertyName)" position="2" aliases="none"><maml:name>KeyName</maml:name>
<maml:Description><maml:para>Specifies the name of the key to regenerate. The acceptable values for this parameter are: - Key1
</maml:para>
<maml:para>- Key2
</maml:para>
</maml:Description>
<command:parameterValueGroup><command:parameterValue required="false" variableLength="false">Key1</command:parameterValue>
<command:parameterValue required="false" variableLength="false">Key2</command:parameterValue>
</command:parameterValueGroup>
<command:parameterValue required="true" variableLength="false">Microsoft.Azure.Management.CognitiveServices.Models.KeyName</command:parameterValue>
<dev:type><maml:name>Microsoft.Azure.Management.CognitiveServices.Models.KeyName</maml:name>
<maml:uri /></dev:type>
<dev:defaultValue>None</dev:defaultValue>
</command:parameter>
<command:parameter required="false" variableLength="true" globbing="false" pipelineInput="False" position="named" aliases="AzureRmContext, AzureCredential"><maml:name>DefaultProfile</maml:name>
<maml:Description><maml:para>The credentials, account, tenant, and subscription used for communication with azure
</maml:para>
</maml:Description>
<command:parameterValue required="true" variableLength="false">Microsoft.Azure.Commands.Common.Authentication.Abstractions.IAzureContextContainer</command:parameterValue>
<dev:type><maml:name>Microsoft.Azure.Commands.Common.Authentication.Abstractions.IAzureContextContainer</maml:name>
<maml:uri /></dev:type>
<dev:defaultValue>None</dev:defaultValue>
</command:parameter>
<command:parameter required="false" variableLength="true" globbing="false" pipelineInput="False" position="named" aliases="none"><maml:name>Force</maml:name>
<maml:Description><maml:para>Forces the command to run without asking for user confirmation.
</maml:para>
</maml:Description>
<command:parameterValue required="true" variableLength="false">System.Management.Automation.SwitchParameter</command:parameterValue>
<dev:type><maml:name>System.Management.Automation.SwitchParameter</maml:name>
<maml:uri /></dev:type>
<dev:defaultValue>None</dev:defaultValue>
</command:parameter>
<command:parameter required="false" variableLength="true" globbing="false" pipelineInput="False" position="named" aliases="cf"><maml:name>Confirm</maml:name>
<maml:Description><maml:para>Prompts you for confirmation before running the cmdlet.
</maml:para>
</maml:Description>
<command:parameterValue required="true" variableLength="false">System.Management.Automation.SwitchParameter</command:parameterValue>
<dev:type><maml:name>System.Management.Automation.SwitchParameter</maml:name>
<maml:uri /></dev:type>
<dev:defaultValue>False</dev:defaultValue>
</command:parameter>
<command:parameter required="false" variableLength="true" globbing="false" pipelineInput="False" position="named" aliases="wi"><maml:name>WhatIf</maml:name>
<maml:Description><maml:para>Shows what would happen if the cmdlet runs. The cmdlet is not run.
</maml:para>
</maml:Description>
<command:parameterValue required="true" variableLength="false">System.Management.Automation.SwitchParameter</command:parameterValue>
<dev:type><maml:name>System.Management.Automation.SwitchParameter</maml:name>
<maml:uri /></dev:type>
<dev:defaultValue>False</dev:defaultValue>
</command:parameter>
</command:syntaxItem>
</command:syntax>
<command:parameters><command:parameter required="false" variableLength="true" globbing="false" pipelineInput="False" position="named" aliases="AzureRmContext, AzureCredential"><maml:name>DefaultProfile</maml:name>
<maml:Description><maml:para>The credentials, account, tenant, and subscription used for communication with azure
</maml:para>
</maml:Description>
<command:parameterValue required="true" variableLength="false">Microsoft.Azure.Commands.Common.Authentication.Abstractions.IAzureContextContainer</command:parameterValue>
<dev:type><maml:name>Microsoft.Azure.Commands.Common.Authentication.Abstractions.IAzureContextContainer</maml:name>
<maml:uri /></dev:type>
<dev:defaultValue>None</dev:defaultValue>
</command:parameter>
<command:parameter required="false" variableLength="true" globbing="false" pipelineInput="False" position="named" aliases="none"><maml:name>Force</maml:name>
<maml:Description><maml:para>Forces the command to run without asking for user confirmation.
</maml:para>
</maml:Description>
<command:parameterValue required="true" variableLength="false">System.Management.Automation.SwitchParameter</command:parameterValue>
<dev:type><maml:name>System.Management.Automation.SwitchParameter</maml:name>
<maml:uri /></dev:type>
<dev:defaultValue>None</dev:defaultValue>
</command:parameter>
<command:parameter required="true" variableLength="true" globbing="false" pipelineInput="True (ByPropertyName)" position="2" aliases="none"><maml:name>KeyName</maml:name>
<maml:Description><maml:para>Specifies the name of the key to regenerate. The acceptable values for this parameter are: - Key1
</maml:para>
<maml:para>- Key2
</maml:para>
</maml:Description>
<command:parameterValue required="true" variableLength="false">Microsoft.Azure.Management.CognitiveServices.Models.KeyName</command:parameterValue>
<dev:type><maml:name>Microsoft.Azure.Management.CognitiveServices.Models.KeyName</maml:name>
<maml:uri /></dev:type>
<dev:defaultValue>None</dev:defaultValue>
</command:parameter>
<command:parameter required="true" variableLength="true" globbing="false" pipelineInput="True (ByPropertyName)" position="1" aliases="CognitiveServicesAccountName, AccountName"><maml:name>Name</maml:name>
<maml:Description><maml:para>Specifies the name of the account.
</maml:para>
</maml:Description>
<command:parameterValue required="true" variableLength="false">System.String</command:parameterValue>
<dev:type><maml:name>System.String</maml:name>
<maml:uri /></dev:type>
<dev:defaultValue>None</dev:defaultValue>
</command:parameter>
<command:parameter required="true" variableLength="true" globbing="false" pipelineInput="True (ByPropertyName)" position="0" aliases="none"><maml:name>ResourceGroupName</maml:name>
<maml:Description><maml:para>Specifies the name of the resource group the account is assigned to.
</maml:para>
</maml:Description>
<command:parameterValue required="true" variableLength="false">System.String</command:parameterValue>
<dev:type><maml:name>System.String</maml:name>
<maml:uri /></dev:type>
<dev:defaultValue>None</dev:defaultValue>
</command:parameter>
<command:parameter required="false" variableLength="true" globbing="false" pipelineInput="False" position="named" aliases="cf"><maml:name>Confirm</maml:name>
<maml:Description><maml:para>Prompts you for confirmation before running the cmdlet.
</maml:para>
</maml:Description>
<command:parameterValue required="true" variableLength="false">System.Management.Automation.SwitchParameter</command:parameterValue>
<dev:type><maml:name>System.Management.Automation.SwitchParameter</maml:name>
<maml:uri /></dev:type>
<dev:defaultValue>False</dev:defaultValue>
</command:parameter>
<command:parameter required="false" variableLength="true" globbing="false" pipelineInput="False" position="named" aliases="wi"><maml:name>WhatIf</maml:name>
<maml:Description><maml:para>Shows what would happen if the cmdlet runs. The cmdlet is not run.
</maml:para>
</maml:Description>
<command:parameterValue required="true" variableLength="false">System.Management.Automation.SwitchParameter</command:parameterValue>
<dev:type><maml:name>System.Management.Automation.SwitchParameter</maml:name>
<maml:uri /></dev:type>
<dev:defaultValue>False</dev:defaultValue>
</command:parameter>
</command:parameters>
<command:inputTypes><command:inputType><dev:type><maml:name>System.String</maml:name>
</dev:type>
<maml:description><maml:para>
</maml:para>
</maml:description>
</command:inputType>
<command:inputType><dev:type><maml:name>Microsoft.Azure.Management.CognitiveServices.Models.KeyName</maml:name>
</dev:type>
<maml:description><maml:para>
</maml:para>
</maml:description>
</command:inputType>
</command:inputTypes>
<command:returnValues><command:returnValue><dev:type><maml:name>Microsoft.Azure.Management.CognitiveServices.Models.CognitiveServicesAccountKeys</maml:name>
</dev:type>
<maml:description><maml:para>
</maml:para>
</maml:description>
</command:returnValue>
</command:returnValues>
<maml:alertSet><maml:alert><maml:para>
</maml:para>
</maml:alert>
</maml:alertSet>
<command:examples><command:example><maml:title>Example 1</maml:title>
<dev:code>PS C:\&gt; New-AzureRmCognitiveServicesAccountKey -ResourceGroupName cognitive-services-resource-group -name myluis -keyname Key1

Key1                             Key2
----                             ----
xxxxxxxxxxxxxxxxxxxxxxxxxxxxxxxx xxxxxxxxxxxxxxxxxxxxxxxxxxxxxxxx</dev:code>
<dev:remarks><maml:para>
</maml:para>
<maml:para></maml:para>
<maml:para></maml:para>
</dev:remarks>
</command:example>
</command:examples>
<command:relatedLinks><maml:navigationLink><maml:linkText>Online Version:</maml:linkText>
<maml:uri>https://docs.microsoft.com/en-us/powershell/module/azurerm.cognitiveservices/new-azurermcognitiveservicesaccountkey</maml:uri>
</maml:navigationLink>
<maml:navigationLink><maml:linkText>Get-AzureRmCognitiveServicesAccountKey</maml:linkText>
<maml:uri></maml:uri>
</maml:navigationLink>
</command:relatedLinks>
</command:command>
<command:command xmlns:maml="http://schemas.microsoft.com/maml/2004/10" xmlns:command="http://schemas.microsoft.com/maml/dev/command/2004/10" xmlns:dev="http://schemas.microsoft.com/maml/dev/2004/10" xmlns:MSHelp="http://msdn.microsoft.com/mshelp">
<command:details><command:name>Remove-AzureRmCognitiveServicesAccount</command:name>
<command:verb>Remove</command:verb>
<command:noun>AzureRmCognitiveServicesAccount</command:noun>
<maml:description><maml:para>Deletes a Cognitive Services account.
</maml:para>
</maml:description>
</command:details>
<maml:description><maml:para>The Remove-AzureRmCognitiveServicesAccount cmdlet deletes the specified Cognitive Services account.
</maml:para>
</maml:description>
<command:syntax><command:syntaxItem><maml:name>Remove-AzureRmCognitiveServicesAccount</maml:name>
<command:parameter required="true" variableLength="true" globbing="false" pipelineInput="True (ByPropertyName)" position="0" aliases="none"><maml:name>ResourceGroupName</maml:name>
<maml:Description><maml:para>Specifies the name of the resource group the Cognitive Services account is assigned to.
</maml:para>
</maml:Description>
<command:parameterValue required="true" variableLength="false">System.String</command:parameterValue>
<dev:type><maml:name>System.String</maml:name>
<maml:uri /></dev:type>
<dev:defaultValue>None</dev:defaultValue>
</command:parameter>
<command:parameter required="true" variableLength="true" globbing="false" pipelineInput="True (ByPropertyName)" position="1" aliases="CognitiveServicesAccountName, AccountName"><maml:name>Name</maml:name>
<maml:Description><maml:para>Specifies the name of the account to delete.
</maml:para>
</maml:Description>
<command:parameterValue required="true" variableLength="false">System.String</command:parameterValue>
<dev:type><maml:name>System.String</maml:name>
<maml:uri /></dev:type>
<dev:defaultValue>None</dev:defaultValue>
</command:parameter>
<command:parameter required="false" variableLength="true" globbing="false" pipelineInput="False" position="named" aliases="AzureRmContext, AzureCredential"><maml:name>DefaultProfile</maml:name>
<maml:Description><maml:para>The credentials, account, tenant, and subscription used for communication with azure
</maml:para>
</maml:Description>
<command:parameterValue required="true" variableLength="false">Microsoft.Azure.Commands.Common.Authentication.Abstractions.IAzureContextContainer</command:parameterValue>
<dev:type><maml:name>Microsoft.Azure.Commands.Common.Authentication.Abstractions.IAzureContextContainer</maml:name>
<maml:uri /></dev:type>
<dev:defaultValue>None</dev:defaultValue>
</command:parameter>
<command:parameter required="false" variableLength="true" globbing="false" pipelineInput="False" position="named" aliases="none"><maml:name>Force</maml:name>
<maml:Description><maml:para>Forces the command to run without asking for user confirmation.
</maml:para>
</maml:Description>
<command:parameterValue required="true" variableLength="false">System.Management.Automation.SwitchParameter</command:parameterValue>
<dev:type><maml:name>System.Management.Automation.SwitchParameter</maml:name>
<maml:uri /></dev:type>
<dev:defaultValue>None</dev:defaultValue>
</command:parameter>
<command:parameter required="false" variableLength="true" globbing="false" pipelineInput="False" position="named" aliases="cf"><maml:name>Confirm</maml:name>
<maml:Description><maml:para>Prompts you for confirmation before running the cmdlet.
</maml:para>
</maml:Description>
<command:parameterValue required="true" variableLength="false">System.Management.Automation.SwitchParameter</command:parameterValue>
<dev:type><maml:name>System.Management.Automation.SwitchParameter</maml:name>
<maml:uri /></dev:type>
<dev:defaultValue>False</dev:defaultValue>
</command:parameter>
<command:parameter required="false" variableLength="true" globbing="false" pipelineInput="False" position="named" aliases="wi"><maml:name>WhatIf</maml:name>
<maml:Description><maml:para>Shows what would happen if the cmdlet runs. The cmdlet is not run.
</maml:para>
</maml:Description>
<command:parameterValue required="true" variableLength="false">System.Management.Automation.SwitchParameter</command:parameterValue>
<dev:type><maml:name>System.Management.Automation.SwitchParameter</maml:name>
<maml:uri /></dev:type>
<dev:defaultValue>False</dev:defaultValue>
</command:parameter>
</command:syntaxItem>
</command:syntax>
<command:parameters><command:parameter required="false" variableLength="true" globbing="false" pipelineInput="False" position="named" aliases="AzureRmContext, AzureCredential"><maml:name>DefaultProfile</maml:name>
<maml:Description><maml:para>The credentials, account, tenant, and subscription used for communication with azure
</maml:para>
</maml:Description>
<command:parameterValue required="true" variableLength="false">Microsoft.Azure.Commands.Common.Authentication.Abstractions.IAzureContextContainer</command:parameterValue>
<dev:type><maml:name>Microsoft.Azure.Commands.Common.Authentication.Abstractions.IAzureContextContainer</maml:name>
<maml:uri /></dev:type>
<dev:defaultValue>None</dev:defaultValue>
</command:parameter>
<command:parameter required="false" variableLength="true" globbing="false" pipelineInput="False" position="named" aliases="none"><maml:name>Force</maml:name>
<maml:Description><maml:para>Forces the command to run without asking for user confirmation.
</maml:para>
</maml:Description>
<command:parameterValue required="true" variableLength="false">System.Management.Automation.SwitchParameter</command:parameterValue>
<dev:type><maml:name>System.Management.Automation.SwitchParameter</maml:name>
<maml:uri /></dev:type>
<dev:defaultValue>None</dev:defaultValue>
</command:parameter>
<command:parameter required="true" variableLength="true" globbing="false" pipelineInput="True (ByPropertyName)" position="1" aliases="CognitiveServicesAccountName, AccountName"><maml:name>Name</maml:name>
<maml:Description><maml:para>Specifies the name of the account to delete.
</maml:para>
</maml:Description>
<command:parameterValue required="true" variableLength="false">System.String</command:parameterValue>
<dev:type><maml:name>System.String</maml:name>
<maml:uri /></dev:type>
<dev:defaultValue>None</dev:defaultValue>
</command:parameter>
<command:parameter required="true" variableLength="true" globbing="false" pipelineInput="True (ByPropertyName)" position="0" aliases="none"><maml:name>ResourceGroupName</maml:name>
<maml:Description><maml:para>Specifies the name of the resource group the Cognitive Services account is assigned to.
</maml:para>
</maml:Description>
<command:parameterValue required="true" variableLength="false">System.String</command:parameterValue>
<dev:type><maml:name>System.String</maml:name>
<maml:uri /></dev:type>
<dev:defaultValue>None</dev:defaultValue>
</command:parameter>
<command:parameter required="false" variableLength="true" globbing="false" pipelineInput="False" position="named" aliases="cf"><maml:name>Confirm</maml:name>
<maml:Description><maml:para>Prompts you for confirmation before running the cmdlet.
</maml:para>
</maml:Description>
<command:parameterValue required="true" variableLength="false">System.Management.Automation.SwitchParameter</command:parameterValue>
<dev:type><maml:name>System.Management.Automation.SwitchParameter</maml:name>
<maml:uri /></dev:type>
<dev:defaultValue>False</dev:defaultValue>
</command:parameter>
<command:parameter required="false" variableLength="true" globbing="false" pipelineInput="False" position="named" aliases="wi"><maml:name>WhatIf</maml:name>
<maml:Description><maml:para>Shows what would happen if the cmdlet runs. The cmdlet is not run.
</maml:para>
</maml:Description>
<command:parameterValue required="true" variableLength="false">System.Management.Automation.SwitchParameter</command:parameterValue>
<dev:type><maml:name>System.Management.Automation.SwitchParameter</maml:name>
<maml:uri /></dev:type>
<dev:defaultValue>False</dev:defaultValue>
</command:parameter>
</command:parameters>
<command:inputTypes><command:inputType><dev:type><maml:name>System.String</maml:name>
</dev:type>
<maml:description><maml:para>
</maml:para>
</maml:description>
</command:inputType>
</command:inputTypes>
<command:returnValues><command:returnValue><dev:type><maml:name>System.Void</maml:name>
</dev:type>
<maml:description><maml:para>
</maml:para>
</maml:description>
</command:returnValue>
</command:returnValues>
<maml:alertSet><maml:alert><maml:para>
</maml:para>
</maml:alert>
</maml:alertSet>
<command:examples><command:example><maml:title>Example 1</maml:title>
<dev:code>PS C:\&gt; Remove-AzureRmCognitiveServicesAccount -ResourceGroupName cognitive-services-resource-group -name myluis
PS C:\&gt;</dev:code>
<dev:remarks><maml:para>
</maml:para>
<maml:para></maml:para>
<maml:para></maml:para>
</dev:remarks>
</command:example>
</command:examples>
<command:relatedLinks><maml:navigationLink><maml:linkText>Online Version:</maml:linkText>
<maml:uri>https://docs.microsoft.com/en-us/powershell/module/azurerm.cognitiveservices/remove-azurermcognitiveservicesaccount</maml:uri>
</maml:navigationLink>
<maml:navigationLink><maml:linkText>Get-AzureRmCognitiveServicesAccount</maml:linkText>
<maml:uri></maml:uri>
</maml:navigationLink>
<maml:navigationLink><maml:linkText>New-AzureRmCognitiveServicesAccount</maml:linkText>
<maml:uri></maml:uri>
</maml:navigationLink>
<maml:navigationLink><maml:linkText>Set-AzureRmCognitiveServicesAccount</maml:linkText>
<maml:uri></maml:uri>
</maml:navigationLink>
</command:relatedLinks>
</command:command>
<command:command xmlns:maml="http://schemas.microsoft.com/maml/2004/10" xmlns:command="http://schemas.microsoft.com/maml/dev/command/2004/10" xmlns:dev="http://schemas.microsoft.com/maml/dev/2004/10" xmlns:MSHelp="http://msdn.microsoft.com/mshelp">
<command:details><command:name>Set-AzureRmCognitiveServicesAccount</command:name>
<command:verb>Set</command:verb>
<command:noun>AzureRmCognitiveServicesAccount</command:noun>
<maml:description><maml:para>Modifies an account.
</maml:para>
</maml:description>
</command:details>
<maml:description><maml:para>The Set-AzureRmCognitiveServicesAccount cmdlet modifies the SKU or tags of the specified Cognitive Services account.
</maml:para>
</maml:description>
<command:syntax><command:syntaxItem><maml:name>Set-AzureRmCognitiveServicesAccount</maml:name>
<command:parameter required="true" variableLength="true" globbing="false" pipelineInput="True (ByPropertyName)" position="0" aliases="none"><maml:name>ResourceGroupName</maml:name>
<maml:Description><maml:para>Specifies the name of the resource group the account is assigned to.
</maml:para>
</maml:Description>
<command:parameterValue required="true" variableLength="false">System.String</command:parameterValue>
<dev:type><maml:name>System.String</maml:name>
<maml:uri /></dev:type>
<dev:defaultValue>None</dev:defaultValue>
</command:parameter>
<command:parameter required="true" variableLength="true" globbing="false" pipelineInput="True (ByPropertyName)" position="1" aliases="CognitiveServicesAccountName, AccountName"><maml:name>Name</maml:name>
<maml:Description><maml:para>Specifies the name of the account to modify.
</maml:para>
</maml:Description>
<command:parameterValue required="true" variableLength="false">System.String</command:parameterValue>
<dev:type><maml:name>System.String</maml:name>
<maml:uri /></dev:type>
<dev:defaultValue>None</dev:defaultValue>
</command:parameter>
<command:parameter required="false" variableLength="true" globbing="false" pipelineInput="False" position="named" aliases="AzureRmContext, AzureCredential"><maml:name>DefaultProfile</maml:name>
<maml:Description><maml:para>The credentials, account, tenant, and subscription used for communication with azure
</maml:para>
</maml:Description>
<command:parameterValue required="true" variableLength="false">Microsoft.Azure.Commands.Common.Authentication.Abstractions.IAzureContextContainer</command:parameterValue>
<dev:type><maml:name>Microsoft.Azure.Commands.Common.Authentication.Abstractions.IAzureContextContainer</maml:name>
<maml:uri /></dev:type>
<dev:defaultValue>None</dev:defaultValue>
</command:parameter>
<command:parameter required="false" variableLength="true" globbing="false" pipelineInput="False" position="named" aliases="none"><maml:name>Force</maml:name>
<maml:Description><maml:para>Forces the command to run without asking for user confirmation.
</maml:para>
</maml:Description>
<command:parameterValue required="true" variableLength="false">System.Management.Automation.SwitchParameter</command:parameterValue>
<dev:type><maml:name>System.Management.Automation.SwitchParameter</maml:name>
<maml:uri /></dev:type>
<dev:defaultValue>None</dev:defaultValue>
</command:parameter>
<command:parameter required="false" variableLength="true" globbing="false" pipelineInput="True (ByPropertyName)" position="named" aliases="none"><maml:name>SkuName</maml:name>
<maml:Description><maml:para>Specifies the SKU for the account. The acceptable values for this parameter are: - F0 (free tier)
</maml:para>
<maml:para>- S0
</maml:para>
<maml:para>- S1
</maml:para>
<maml:para>- S2
</maml:para>
<maml:para>- S3
</maml:para>
<maml:para>- S4
</maml:para>
</maml:Description>
<command:parameterValue required="true" variableLength="false">System.String</command:parameterValue>
<dev:type><maml:name>System.String</maml:name>
<maml:uri /></dev:type>
<dev:defaultValue>None</dev:defaultValue>
</command:parameter>
<command:parameter required="false" variableLength="true" globbing="false" pipelineInput="True (ByPropertyName)" position="named" aliases="Tags"><maml:name>Tag</maml:name>
<maml:Description><maml:para>Specifies a tag as a name/value pair.
</maml:para>
</maml:Description>
<command:parameterValue required="true" variableLength="false">System.Collections.Hashtable[]</command:parameterValue>
<dev:type><maml:name>System.Collections.Hashtable[]</maml:name>
<maml:uri /></dev:type>
<dev:defaultValue>None</dev:defaultValue>
</command:parameter>
<command:parameter required="false" variableLength="true" globbing="false" pipelineInput="False" position="named" aliases="cf"><maml:name>Confirm</maml:name>
<maml:Description><maml:para>Prompts you for confirmation before running the cmdlet.
</maml:para>
</maml:Description>
<command:parameterValue required="true" variableLength="false">System.Management.Automation.SwitchParameter</command:parameterValue>
<dev:type><maml:name>System.Management.Automation.SwitchParameter</maml:name>
<maml:uri /></dev:type>
<dev:defaultValue>False</dev:defaultValue>
</command:parameter>
<command:parameter required="false" variableLength="true" globbing="false" pipelineInput="False" position="named" aliases="wi"><maml:name>WhatIf</maml:name>
<maml:Description><maml:para>Shows what would happen if the cmdlet runs. The cmdlet is not run.
</maml:para>
</maml:Description>
<command:parameterValue required="true" variableLength="false">System.Management.Automation.SwitchParameter</command:parameterValue>
<dev:type><maml:name>System.Management.Automation.SwitchParameter</maml:name>
<maml:uri /></dev:type>
<dev:defaultValue>False</dev:defaultValue>
</command:parameter>
</command:syntaxItem>
</command:syntax>
<command:parameters><command:parameter required="false" variableLength="true" globbing="false" pipelineInput="False" position="named" aliases="AzureRmContext, AzureCredential"><maml:name>DefaultProfile</maml:name>
<maml:Description><maml:para>The credentials, account, tenant, and subscription used for communication with azure
</maml:para>
</maml:Description>
<command:parameterValue required="true" variableLength="false">Microsoft.Azure.Commands.Common.Authentication.Abstractions.IAzureContextContainer</command:parameterValue>
<dev:type><maml:name>Microsoft.Azure.Commands.Common.Authentication.Abstractions.IAzureContextContainer</maml:name>
<maml:uri /></dev:type>
<dev:defaultValue>None</dev:defaultValue>
</command:parameter>
<command:parameter required="false" variableLength="true" globbing="false" pipelineInput="False" position="named" aliases="none"><maml:name>Force</maml:name>
<maml:Description><maml:para>Forces the command to run without asking for user confirmation.
</maml:para>
</maml:Description>
<command:parameterValue required="true" variableLength="false">System.Management.Automation.SwitchParameter</command:parameterValue>
<dev:type><maml:name>System.Management.Automation.SwitchParameter</maml:name>
<maml:uri /></dev:type>
<dev:defaultValue>None</dev:defaultValue>
</command:parameter>
<command:parameter required="true" variableLength="true" globbing="false" pipelineInput="True (ByPropertyName)" position="1" aliases="CognitiveServicesAccountName, AccountName"><maml:name>Name</maml:name>
<maml:Description><maml:para>Specifies the name of the account to modify.
</maml:para>
</maml:Description>
<command:parameterValue required="true" variableLength="false">System.String</command:parameterValue>
<dev:type><maml:name>System.String</maml:name>
<maml:uri /></dev:type>
<dev:defaultValue>None</dev:defaultValue>
</command:parameter>
<command:parameter required="true" variableLength="true" globbing="false" pipelineInput="True (ByPropertyName)" position="0" aliases="none"><maml:name>ResourceGroupName</maml:name>
<maml:Description><maml:para>Specifies the name of the resource group the account is assigned to.
</maml:para>
</maml:Description>
<command:parameterValue required="true" variableLength="false">System.String</command:parameterValue>
<dev:type><maml:name>System.String</maml:name>
<maml:uri /></dev:type>
<dev:defaultValue>None</dev:defaultValue>
</command:parameter>
<command:parameter required="false" variableLength="true" globbing="false" pipelineInput="True (ByPropertyName)" position="named" aliases="none"><maml:name>SkuName</maml:name>
<maml:Description><maml:para>Specifies the SKU for the account. The acceptable values for this parameter are: - F0 (free tier)
</maml:para>
<maml:para>- S0
</maml:para>
<maml:para>- S1
</maml:para>
<maml:para>- S2
</maml:para>
<maml:para>- S3
</maml:para>
<maml:para>- S4
</maml:para>
</maml:Description>
<command:parameterValue required="true" variableLength="false">System.String</command:parameterValue>
<dev:type><maml:name>System.String</maml:name>
<maml:uri /></dev:type>
<dev:defaultValue>None</dev:defaultValue>
</command:parameter>
<command:parameter required="false" variableLength="true" globbing="false" pipelineInput="True (ByPropertyName)" position="named" aliases="Tags"><maml:name>Tag</maml:name>
<maml:Description><maml:para>Specifies a tag as a name/value pair.
</maml:para>
</maml:Description>
<command:parameterValue required="true" variableLength="false">System.Collections.Hashtable[]</command:parameterValue>
<dev:type><maml:name>System.Collections.Hashtable[]</maml:name>
<maml:uri /></dev:type>
<dev:defaultValue>None</dev:defaultValue>
</command:parameter>
<command:parameter required="false" variableLength="true" globbing="false" pipelineInput="False" position="named" aliases="cf"><maml:name>Confirm</maml:name>
<maml:Description><maml:para>Prompts you for confirmation before running the cmdlet.
</maml:para>
</maml:Description>
<command:parameterValue required="true" variableLength="false">System.Management.Automation.SwitchParameter</command:parameterValue>
<dev:type><maml:name>System.Management.Automation.SwitchParameter</maml:name>
<maml:uri /></dev:type>
<dev:defaultValue>False</dev:defaultValue>
</command:parameter>
<command:parameter required="false" variableLength="true" globbing="false" pipelineInput="False" position="named" aliases="wi"><maml:name>WhatIf</maml:name>
<maml:Description><maml:para>Shows what would happen if the cmdlet runs. The cmdlet is not run.
</maml:para>
</maml:Description>
<command:parameterValue required="true" variableLength="false">System.Management.Automation.SwitchParameter</command:parameterValue>
<dev:type><maml:name>System.Management.Automation.SwitchParameter</maml:name>
<maml:uri /></dev:type>
<dev:defaultValue>False</dev:defaultValue>
</command:parameter>
</command:parameters>
<command:inputTypes><command:inputType><dev:type><maml:name>System.String</maml:name>
</dev:type>
<maml:description><maml:para>
</maml:para>
</maml:description>
</command:inputType>
<command:inputType><dev:type><maml:name>System.Collections.Hashtable[]</maml:name>
</dev:type>
<maml:description><maml:para>
</maml:para>
</maml:description>
</command:inputType>
</command:inputTypes>
<command:returnValues><command:returnValue><dev:type><maml:name>Microsoft.Azure.Commands.Management.CognitiveServices.Models.PSCognitiveServicesAccount</maml:name>
</dev:type>
<maml:description><maml:para>
</maml:para>
</maml:description>
</command:returnValue>
</command:returnValues>
<maml:alertSet><maml:alert><maml:para>
</maml:para>
</maml:alert>
</maml:alertSet>
<command:examples><command:example><maml:title>Example 1</maml:title>
<dev:code>PS C:\&gt; Set-AzureRmCognitiveServicesAccount -ResourceGroupName cognitive-services-resource-group -name myluis -SkuName S0


ResourceGroupName : cognitive-services-resource-group
AccountName       : myluis
Id                : /subscriptions/xxxxxxxx-xxxx-xxxx-xxxx-xxxxxxxxxxxx/resourceGroups/cognitive-services-resource-group/providers/Microsoft.Cog
                    nitiveServices/accounts/myluis
Endpoint          : https://westus.api.cognitive.microsoft.com/luis/v2.0
Location          : WESTUS
Sku               : Microsoft.Azure.Management.CognitiveServices.Models.Sku
AccountType       : LUIS
ResourceType      : Microsoft.CognitiveServices/accounts
Etag              : "xxxxxxxx-xxxx-xxxx-xxxx-xxxxxxxxxxxx"
ProvisioningState : Succeeded
Tags              :</dev:code>
<dev:remarks><maml:para>
</maml:para>
<maml:para></maml:para>
<maml:para></maml:para>
</dev:remarks>
</command:example>
</command:examples>
<command:relatedLinks><maml:navigationLink><maml:linkText>Online Version:</maml:linkText>
<maml:uri>https://docs.microsoft.com/en-us/powershell/module/azurerm.cognitiveservices/set-azurermcognitiveservicesaccount</maml:uri>
</maml:navigationLink>
<maml:navigationLink><maml:linkText>Get-AzureRmCognitiveServicesAccount</maml:linkText>
<maml:uri></maml:uri>
</maml:navigationLink>
<maml:navigationLink><maml:linkText>New-AzureRmCognitiveServicesAccount</maml:linkText>
<maml:uri></maml:uri>
</maml:navigationLink>
<maml:navigationLink><maml:linkText>Remove-AzureRmCognitiveServicesAccount</maml:linkText>
<maml:uri></maml:uri>
</maml:navigationLink>
</command:relatedLinks>
</command:command>
</helpItems>