files	subset
scans-googleocr_scans-google.pdf_10.jpg	TRAIN
native-uipocr_w2-edit-filled-84.jpg	VALIDATE
native-uipocr_w2-filled-full.pdf_24.jpg	TRAIN
scan-uipocr_scans-uip.pdf_29.jpg	TRAIN
scan-uipocr_scans-uip.pdf_70.jpg	TRAIN
native-uipocr_w2-edit-filled-85.jpg	TRAIN
native-uipocr_fixed.pdf_0.jpg	TRAIN
native-uipocr_w2-edit-filled-73.jpg	TRAIN
native_w2-edit-filled.pdf_68.jpg	TRAIN
native-uipocr_w2-edit-filled-74.jpg	TRAIN
native_w2-edit-filled.pdf_12.jpg	TRAIN
scan-uipocr_scans-uip.pdf_10.jpg	VALIDATE
scans-googleocr_scans-google.pdf_14.jpg	TRAIN
scan-uipocr_scans-uip.pdf_2.jpg	VALIDATE
native-uipocr_w2-2017-cabuz.pdf_13.jpg	TRAIN
native-uipocr_w2-edit-filled-75.jpg	TRAIN
native-uipocr_w2-edit-filled-63.jpg	TRAIN
native-uipocr_w2-edit-filled-64.jpg	VALIDATE
native_w2-edit-filled.pdf_21.jpg	TRAIN
native-uipocr_w2-filled-full.pdf_23.jpg	VALIDATE
scan-uipocr_scans-uip.pdf_23.jpg	TRAIN
native-uipocr_w2-2017-cabuz.pdf_5.jpg	TRAIN
native_w2-edit-filled.pdf_62.jpg	TRAIN
native-uipocr_w2-2017-cabuz.pdf_7.jpg	VALIDATE
scan-uipocr_scans-uip.pdf_7.jpg	TRAIN
scans-googleocr_scans-google.pdf_13.jpg	TRAIN
native_w2-edit-filled.pdf_4.jpg	VALIDATE
native_w2-edit-filled.pdf_71.jpg	TRAIN
scan-uipocr_scans-uip.pdf_73.jpg	VALIDATE
native-uipocr_w2-edit-filled-32.jpg	TRAIN
native-uipocr_w2-filled-full.pdf_22.jpg	TRAIN
native-uipocr_w2-2017-cabuz.pdf_2.jpg	TRAIN
native_w2-edit-filled.pdf_15.jpg	TRAIN
scan-uipocr_scans-uip.pdf_17.jpg	TRAIN
native_w2-edit-filled.pdf_84.jpg	TRAIN
native_w2-edit-filled.pdf_9.jpg	TRAIN
native-uipocr_w2-edit-filled-22.jpg	TRAIN
scans-googleocr_scans-google.pdf_12.jpg	TRAIN
native-uipocr_w2-edit-filled-23.jpg	TRAIN
native_w2-edit-filled.pdf_24.jpg	TRAIN
native-uipocr_fixed.pdf_8.jpg	TRAIN
scan-uipocr_scans-uip.pdf_26.jpg	TRAIN
native_w2-edit-filled.pdf_28.jpg	TRAIN
scans-googleocr_scans-google.pdf_4.jpg	TRAIN
native-uipocr_w2-edit-filled-12.jpg	TRAIN
native-uipocr_w2-filled-full.pdf_21.jpg	TRAIN
native_w2-edit-filled.pdf_65.jpg	TRAIN
native-uipocr_w2-edit-filled-13.jpg	TRAIN
scan-uipocr_scans-uip.pdf_67.jpg	VALIDATE
native-uipocr_fixed.pdf_6.jpg	TRAIN
scans-googleocr_scans-google.pdf_11.jpg	TRAIN
native-uipocr_w2-edit-filled-02.jpg	TRAIN
native-uipocr_w2-filled-full.pdf_25.jpg	TRAIN
native_w2-edit-filled.pdf_74.jpg	TRAIN
native-uipocr_w2-edit-filled-03.jpg	VALIDATE
native_w2-edit-filled.pdf_78.jpg	VALIDATE
native-uipocr_fixed.pdf_4.jpg	TRAIN
native-uipocr_fixed.pdf_10.jpg	TRAIN
native_w2-edit-filled.pdf_18.jpg	TRAIN
scans-googleocr_scans-google.pdf_9.jpg	TRAIN
native_w2-edit-filled.pdf_87.jpg	TRAIN
native-uipocr_fixed.pdf_2.jpg	VALIDATE
native-uipocr_w2-edit-filled-72.jpg	TRAIN
native_w2-edit-filled.pdf_72.jpg	VALIDATE
scans-googleocr_scans-google.pdf_6.jpg	TRAIN
scan-uipocr_scans-uip.pdf_8.jpg	TRAIN
native_w2-edit-filled.pdf_5.jpg	TRAIN
scan-uipocr_scans-uip.pdf_46.jpg	TRAIN
scan-uipocr_scan-fill-full.pdf_28.jpg	TRAIN
scan-uipocr_scans-uip.pdf_14.jpg	TRAIN
native_w2-edit-filled.pdf_16.jpg	TRAIN
native-uipocr_w2-filled-full.pdf_28.jpg	TRAIN
native_w2-edit-filled.pdf_81.jpg	TRAIN
native-uipocr_fixed.pdf_13.jpg	TRAIN
scan-uipocr_scans-uip.pdf_55.jpg	TRAIN
scan-uipocr_scan-fill-full.pdf_7.jpg	TRAIN
native_w2-edit-filled.pdf_25.jpg	VALIDATE
scan-uipocr_scans-uip.pdf_27.jpg	TRAIN
native-uipocr_w2-2017-cabuz.pdf_10.jpg	TRAIN
scan-uipocr_scan-fill-full.pdf_25.jpg	TRAIN
scan-uipocr_scans-uip.pdf_64.jpg	TRAIN
native_w2-edit-filled.pdf_66.jpg	TRAIN
native-uipocr_w2-2017-cabuz.pdf_9.jpg	TRAIN
native-uipocr_w2-edit-filled-30.jpg	TRAIN
scan-uipocr_scans-uip.pdf_68.jpg	TRAIN
native-uipocr_w2-filled-full.pdf_27.jpg	TRAIN
native-uipocr_w2-edit-filled-29.jpg	TRAIN
native-uipocr_w2-edit-filled-31.jpg	TRAIN
native_w2-edit-filled.pdf_75.jpg	TRAIN
native-uipocr_w2-edit-filled-20.jpg	TRAIN
scan-uipocr_scan-fill-full.pdf_20.jpg	TRAIN
native-uipocr_w2-edit-filled-19.jpg	TRAIN
native-uipocr_w2-edit-filled-21.jpg	TRAIN
native-uipocr_w2-2017-cabuz.pdf_4.jpg	VALIDATE
native_w2-edit-filled.pdf_19.jpg	TRAIN
native-uipocr_w2-edit-filled-08.jpg	TRAIN
native-uipocr_w2-edit-filled-10.jpg	TRAIN
native_w2-edit-filled.pdf_88.jpg	TRAIN
scan-uipocr_scans-uip.pdf_30.jpg	TRAIN
native-uipocr_w2-filled-full.pdf_26.jpg	TRAIN
native-uipocr_w2-edit-filled-09.jpg	TRAIN
native-uipocr_w2-edit-filled-11.jpg	VALIDATE
native_w2-edit-filled.pdf_1.jpg	TRAIN
native-uipocr_w2-edit-filled-01.jpg	TRAIN
native_w2-edit-filled.pdf_69.jpg	TRAIN
scan-uipocr_scans-uip.pdf_11.jpg	TRAIN
scans-googleocr_scans-google.pdf_1.jpg	VALIDATE
native_w2-edit-filled.pdf_6.jpg	TRAIN
scan-uipocr_scan-fill-full.pdf_2.jpg	TRAIN
scan-uipocr_scans-uip.pdf_20.jpg	TRAIN
native_w2-edit-filled.pdf_22.jpg	TRAIN
native-uipocr_w2-edit-filled-81.jpg	TRAIN
scan-uipocr_scan-fill-full.pdf_17.jpg	TRAIN
scan-uipocr_scans-uip.pdf_24.jpg	VALIDATE
scan-uipocr_scans-uip.pdf_3.jpg	TRAIN
scans-googleocr_scans-google.pdf_15.jpg	VALIDATE
native_w2-edit-filled.pdf_0.jpg	VALIDATE
native-uipocr_w2-edit-filled-82.jpg	TRAIN
native-uipocr_w2-filled-full.pdf_29.jpg	VALIDATE
native-uipocr_w2-edit-filled-83.jpg	VALIDATE
native_w2-edit-filled.pdf_31.jpg	VALIDATE
native-uipocr_w2-edit-filled-71.jpg	TRAIN
scan-uipocr_scans-google.pdf_11.jpg	TRAIN
native-uipocr_fixed.pdf_5.jpg	TRAIN
native_w2-edit-filled.pdf_76.jpg	VALIDATE
scan-uipocr_scan-fill-full.pdf_16.jpg	VALIDATE
native-uipocr_w2-2017-cabuz.pdf_14.jpg	TRAIN
native-uipocr_w2-filled-full.pdf_16.jpg	TRAIN
native-uipocr_fixed.pdf_3.jpg	VALIDATE
native-uipocr_fixed.pdf_11.jpg	TRAIN
scan-uipocr_scans-uip.pdf_0.jpg	VALIDATE
scan-uipocr_scans-uip.pdf_18.jpg	VALIDATE
native_w2-edit-filled.pdf_85.jpg	TRAIN
native_w2-edit-filled.pdf_89.jpg	TRAIN
scans-googleocr_scans-google.pdf_3.jpg	TRAIN
scan-uipocr_scans-uip.pdf_59.jpg	TRAIN
native-uipocr_fixed.pdf_1.jpg	TRAIN
scan-uipocr_scan-fill-full.pdf_11.jpg	VALIDATE
native_w2-edit-filled.pdf_29.jpg	TRAIN
native-uipocr_w2-edit-filled-27.jpg	TRAIN
scan-uipocr_scan-fill-full.pdf_27.jpg	TRAIN
native-uipocr_w2-edit-filled-28.jpg	TRAIN
native-uipocr_w2-edit-filled-16.jpg	TRAIN
native_w2-edit-filled.pdf_10.jpg	TRAIN
scan-uipocr_scans-uip.pdf_5.jpg	TRAIN
scans-googleocr_scans-google.pdf_0.jpg	TRAIN
scan-uipocr_scans-uip.pdf_12.jpg	TRAIN
native_w2-edit-filled.pdf_2.jpg	TRAIN
native-uipocr_w2-filled-full.pdf_15.jpg	TRAIN
native-uipocr_w2-edit-filled-17.jpg	TRAIN
scan-uipocr_scan-fill-full.pdf_0.jpg	TRAIN
native-uipocr_w2-edit-filled-18.jpg	VALIDATE
native-uipocr_w2-edit-filled-06.jpg	TRAIN
scans-googleocr_scans-google.pdf_8.jpg	VALIDATE
native_w2-edit-filled.pdf_79.jpg	VALIDATE
scan-uipocr_scans-uip.pdf_21.jpg	TRAIN
native_w2-edit-filled.pdf_23.jpg	TRAIN
native-uipocr_w2-edit-filled-07.jpg	TRAIN
scan-uipocr_scan-fill-full.pdf_22.jpg	TRAIN
native-uipocr_w2-2017-cabuz.pdf_6.jpg	TRAIN
scan-uipocr_scans-uip.pdf_62.jpg	TRAIN
native_w2-edit-filled.pdf_7.jpg	VALIDATE
scan-uipocr_scans-uip.pdf_4.jpg	TRAIN
scan-uipocr_scans-uip.pdf_71.jpg	TRAIN
native_w2-edit-filled.pdf_73.jpg	TRAIN
native-uipocr_w2-edit-filled-88.jpg	TRAIN
native-uipocr_w2-2017-cabuz.pdf_12.jpg	TRAIN
native-uipocr_w2-edit-filled-90.jpg	TRAIN
scan-uipocr_scans-uip.pdf_43.jpg	TRAIN
native-uipocr_w2-edit-filled-89.jpg	TRAIN
native-uipocr_w2-2017-cabuz.pdf_1.jpg	TRAIN
native_w2-edit-filled.pdf_13.jpg	TRAIN
scan-uipocr_scan-fill-full.pdf_5.jpg	TRAIN
scan-uipocr_scans-uip.pdf_15.jpg	TRAIN
native_w2-edit-filled.pdf_17.jpg	VALIDATE
native_w2-edit-filled.pdf_82.jpg	TRAIN
native-uipocr_w2-edit-filled-78.jpg	TRAIN
scan-uipocr_scans-uip.pdf_9.jpg	TRAIN
native-uipocr_w2-edit-filled-80.jpg	TRAIN
native-uipocr_fixed.pdf_9.jpg	TRAIN
native-uipocr_w2-edit-filled-79.jpg	TRAIN
scan-uipocr_scans-uip.pdf_56.jpg	TRAIN
native_w2-edit-filled.pdf_26.jpg	TRAIN
scan-uipocr_scan-fill-full.pdf_19.jpg	VALIDATE
native-uipocr_w2-edit-filled-68.jpg	TRAIN
scan-uipocr_scans-uip.pdf_28.jpg	TRAIN
native-uipocr_w2-filled-full.pdf_17.jpg	TRAIN
native-uipocr_w2-edit-filled-70.jpg	TRAIN
native-uipocr_fixed.pdf_7.jpg	VALIDATE
native_w2-edit-filled.pdf_63.jpg	VALIDATE
native-uipocr_w2-edit-filled-69.jpg	TRAIN
scan-uipocr_scans-uip.pdf_65.jpg	TRAIN
native_w2-edit-filled.pdf_67.jpg	TRAIN
scan-uipocr_scans-uip.pdf_69.jpg	TRAIN
scan-uipocr_scans-uip.pdf_13.jpg	VALIDATE
scans-googleocr_scans-google.pdf_7.jpg	TRAIN
native_w2-edit-filled.pdf_80.jpg	TRAIN
native_w2-edit-filled.pdf_20.jpg	TRAIN
scan-uipocr_scans-uip.pdf_6.jpg	TRAIN
scan-uipocr_scans-uip.pdf_22.jpg	TRAIN
scan-uipocr_scan-fill-full.pdf_18.jpg	TRAIN
native_w2-edit-filled.pdf_3.jpg	TRAIN
native-uipocr_w2-edit-filled-24.jpg	TRAIN
native-uipocr_w2-edit-filled-25.jpg	TRAIN
scan-uipocr_scans-uip.pdf_63.jpg	VALIDATE
scan-uipocr_scans-uip.pdf_31.jpg	TRAIN
native-uipocr_w2-2017-cabuz.pdf_11.jpg	TRAIN
native-uipocr_w2-edit-filled-26.jpg	TRAIN
native-uipocr_w2-edit-filled-14.jpg	VALIDATE
scan-uipocr_scan-fill-full.pdf_6.jpg	TRAIN
native_w2-edit-filled.pdf_70.jpg	TRAIN
scan-uipocr_scan-fill-full.pdf_13.jpg	TRAIN
native-uipocr_w2-edit-filled-15.jpg	VALIDATE
scan-uipocr_scans-uip.pdf_72.jpg	TRAIN
native_w2-edit-filled.pdf_8.jpg	TRAIN
scan-uipocr_scan-fill-full.pdf_3.jpg	TRAIN
scan-uipocr_scans-uip.pdf_44.jpg	TRAIN
scan-uipocr_scan-fill-full.pdf_29.jpg	TRAIN
native-uipocr_w2-edit-filled-04.jpg	VALIDATE
native-uipocr_w2-filled-full.pdf_20.jpg	TRAIN
native_w2-edit-filled.pdf_14.jpg	TRAIN
scan-uipocr_scans-uip.pdf_16.jpg	TRAIN
native-uipocr_w2-edit-filled-05.jpg	TRAIN
native_w2-edit-filled.pdf_83.jpg	VALIDATE
native-uipocr_fixed.pdf_12.jpg	TRAIN
native-uipocr_fixed.pdf_14.jpg	TRAIN
scan-uipocr_scans-uip.pdf_57.jpg	TRAIN
native-uipocr_w2-filled-full.pdf_19.jpg	TRAIN
scan-uipocr_scans-uip.pdf_25.jpg	TRAIN
native_w2-edit-filled.pdf_27.jpg	VALIDATE
scan-uipocr_scan-fill-full.pdf_24.jpg	TRAIN
native_w2-edit-filled.pdf_64.jpg	TRAIN
native-uipocr_w2-2017-cabuz.pdf_8.jpg	TRAIN
native-uipocr_w2-edit-filled-86.jpg	TRAIN
scan-uipocr_scans-uip.pdf_66.jpg	VALIDATE
scans-googleocr_scans-google.pdf_5.jpg	TRAIN
native-uipocr_w2-edit-filled-87.jpg	TRAIN
native-uipocr_w2-edit-filled-76.jpg	TRAIN
native_w2-edit-filled.pdf_77.jpg	TRAIN
native-uipocr_w2-filled-full.pdf_18.jpg	TRAIN
scan-uipocr_scan-fill-full.pdf_8.jpg	TRAIN
native-uipocr_w2-edit-filled-77.jpg	VALIDATE
native-uipocr_w2-edit-filled-65.jpg	VALIDATE
scans-googleocr_scans-google.pdf_2.jpg	TRAIN
native-uipocr_w2-2017-cabuz.pdf_3.jpg	TRAIN
scan-uipocr_scans-uip.pdf_19.jpg	TRAIN
native-uipocr_w2-edit-filled-66.jpg	VALIDATE
native_w2-edit-filled.pdf_86.jpg	TRAIN
native_w2-edit-filled.pdf_30.jpg	VALIDATE
scan-uipocr_scan-fill-full.pdf_1.jpg	TRAIN
native-uipocr_w2-edit-filled-67.jpg	TRAIN
scan-uipocr_scans-uip.pdf_1.jpg	TRAIN
native-uipocr_w2-2017-cabuz.pdf_0.jpg	TRAIN
native_w2-edit-filled.pdf_11.jpg	TRAIN